Code,Mum,Dad
D0153,*,*
D0148,*,*
D0149,*,*
D0150,*,*
D0033,*,*
D0032,*,*
D0031,*,*
D0610,*,BRLGS
D0151,*,*
D0529,*,*
D0152,*,*
D0145,*,*
D0154,*,*
D0155,*,*
D0156,*,*
D0157,*,*
D0611,*,SLIPP
D0612,*,LIT76
D0613,*,CHEST
D0614,*,CHEST
D0158,SEY92,*
PRRLS,*,*
D0603,*,ARIST
D0035,*,*
D0595,*,AVO87
VALEN,*,*
D0596,FEN89,LENNY
D0034,*,*
D0597,*,DIC90
D0598,*,SPD00
D0599,*,CAY03
D0600,*,ART00
D0147,*,*
D0602,*,*
D0146,*,*
D0604,*,*
D0605,*,*
D0606,*,*
JOANO,*,*
D0607,*,*
D0608,*,D0612
D0609,*,*
MICHE,*,*
D0615,*,FAN85
D0601,*,*
D0166,*,*
D0030,*,*
D0165,*,*
M3590,*,*
M3495,*,*
DARKE,*,*
D0315,*,*
D0314,*,*
M3390,*,*
M3290,*,*
D0163,*,*
M2690,*,*
D0162,*,*
M1490,*,*
M1390,*,*
D0313,*,*
D0167,WHI76,*
D0312,*,*
D0311,*,*
DDDDD,*,*
D0168,*,*
M1183,*,*
M3190,*,*
D0324,*,*
D0037,*,*
D0616,*,DSA99
D0617,*,RPP06
D0618,*,*
D0330,*,*
D0329,*,*
D0328,*,*
D0327,*,*
D0326,*,*
D0164,*,*
D0325,*,*
D0159,*,*
D0323,*,*
D0322,*,*
D0321,*,*
D0320,*,*
D0319,*,*
D0318,*,*
D0317,*,*
D0161,*,*
D0316,*,*
D0160,*,*
D0560,*,FEE73
D0568,*,*
D0549,*,SLITS
D0550,*,*
D0551,MOPRX,ZUC95
D0552,*,*
D0296,*,*
D0554,*,SWA98
D0556,*,*
D0557,*,*
D0547,*,*
D0559,*,*
D0546,*,*
D0561,*,*
D0133,*,*
D0134,*,*
D0562,*,*
D0563,*,*
D0564,*,*
D0565,*,*
D0566,*,WAX85
D0594,DHA94,YECOA
D0558,*,*
D0541,*,*
D0530,*,YHO76
D0531,*,HAL88
D0533,*,TUS97
D0534,*,CRT77
D0535,*,CHE82
D0536,D0535,PEP85
D0537,*,DIL99
D0538,*,BLO78
D0046,*,*
D0548,D0538,*
D0540,D0525,LIC76
D0569,*,*
D0542,*,*
D0543,*,*
D0544,*,*
D0132,*,*
SGAOR,*,*
D0045,*,*
D0044,*,*
D0043,*,*
D0545,*,*
D0539,*,*
D0144,*,*
D0567,*,*
D0138,*,*
D0139,*,*
MOBGG,*,*
D0140,*,*
D0589,*,*
D0590,*,*
D0141,*,*
POPES,*,*
GUINE,*,*
D0143,*,*
D0588,*,BAR82
D0042,*,*
D0041,*,*
D0040,*,*
D0591,*,YHO72
D0592,*,CHE75
D0593,ALM80,PRK83
D0039,*,*
D0038,*,*
D0310,*,*
D0142,*,*
D0580,*,*
D0570,*,D0604
D0571,SEY92,*
D0572,*,*
D0573,*,*
D0574,*,*
D0575,*,*
D0576,*,*
D0577,*,LIC76
D0135,*,*
D0137,*,*
D0579,*,*
D0036,*,*
D0581,*,*
D0582,*,*
D0583,*,*
D0584,*,GEC97
MOCTT,*,*
D0136,*,*
D0585,*,*
D0586,*,*
D0587,*,ANK87
D0578,*,*
D0236,*,*
D0230,ALM80,*
D0245,*,*
D0019,*,*
D0244,*,*
D0243,*,*
D0242,*,*
D0241,*,*
D0240,*,*
D0239,*,*
D0247,*,*
D0237,*,*
D0248,*,*
D0235,TUR85,*
D0234,GLA69,*
D0018,*,*
D0017,*,*
D0016,*,*
D0015,*,*
D0233,*,*
D0232,PEC81,*
D0259,*,*
D0238,*,*
D0203,*,*
M1176,*,*
D0257,*,*
D0256,*,*
D0200,*,*
D0201,*,*
D0255,*,*
D0202,*,*
D0254,MOWSP,*
D0253,*,*
D0246,*,*
D0251,*,*
D0014,*,*
D0023,*,*
D0022,*,*
D0204,*,*
D0205,WHI76,*
D0206,*,*
D0021,*,*
D0020,*,*
D0250,*,*
D0249,*,*
D0252,*,*
D0222,*,*
D0231,*,*
S1892,*,*
S1890,*,*
S1789,*,*
S0883,*,*
S0386,*,*
D0209,*,*
D0210,*,*
D0211,SEY92,*
D0224,*,*
D0223,*,*
D0225,*,*
D0221,*,*
D0220,*,*
D0213,*,*
D0214,*,*
D0219,*,*
D0218,*,*
D0217,*,*
D0216,EGR91,*
D0215,MOD72,*
D0212,*,*
D0227,FEN89,*
D0013,*,*
D0229,*,*
D0012,*,*
D0011,*,*
D0010,*,*
D0009,*,*
D0008,*,*
D0007,*,*
LOBES,*,*
D0001,*,*
D0228,*,*
D0199,*,*
D0226,SUR89,*
D0006,*,*
TARDY,*,*
D0207,WIS01,*
D0005,*,*
D0208,*,*
D0004,*,*
D0003,*,*
D0002,*,*
FANKS,*,*
D0177,*,*
D0283,*,*
D0172,*,*
D0176,*,*
D0293,*,*
D0026,*,*
BARKH,*,*
D0292,*,*
D0291,*,*
LTPUN,*,*
D0295,*,*
D0024,*,*
D0027,*,*
DORNY,*,*
D0290,*,*
D0289,*,*
D0288,*,*
D0287,*,*
D0286,SEY92,*
D0285,*,*
TRUFF,*,*
D0258,*,*
D0025,*,*
D0302,*,*
D0553,*,*
D0309,*,*
D0308,*,*
D0307,*,*
D0306,*,*
D0305,ALM80,*
D0304,*,*
D0303,*,*
DHA94,*,*
D0294,*,*
D0169,*,*
DSA99,D0529,TOR76
D0301,*,*
D0300,*,*
M0776,*,*
D0299,*,*
D0298,*,*
D0297,*,*
D0170,*,*
D0171,*,*
D0028,*,*
M0790,*,*
D0261,D0253,*
D0284,*,*
D0268,*,*
D0189,*,*
D0190,*,*
D0191,*,*
D0267,*,*
D0266,*,*
D0265,*,*
D0264,*,*
D0270,*,*
D0262,*,*
D0188,*,*
D0260,*,*
D0192,*,*
D0193,MOPRX,*
BIGSG,*,SLIPP
D0194,*,*
D0195,*,*
D0196,*,*
D0197,*,*
D0198,*,*
D0263,*,*
D0184,*,*
D0282,*,*
D0281,*,*
D0280,*,*
D0279,*,*
D0278,*,*
D0277,*,*
D0178,*,*
D0180,*,*
D0181,*,*
D0269,*,*
D0183,KNO03,*
D0029,*,*
D0185,*,*
D0186,*,*
D0187,*,*
D0276,*,*
D0275,*,*
D0274,*,*
D0273,*,*
D0272,*,*
D0271,MOPRX,*
D0182,D0172,*
XSW75,*,*
D0419,*,*
XSXWG,*,*
XSXWB,*,*
D0059,*,*
XSXRG,*,*
D0096,*,*
D0097,*,*
XSXGR,*,*
XSXBW,*,*
XSXYG,*,*
D0098,*,*
XSXYR,*,*
XSW17,*,*
XSW11,*,*
D0099,*,*
XSRRW,*,*
XSRRG,*,*
XSRBW,*,*
D0100,*,*
XSR15,*,*
XSR13,*,*
XSWWG,*,*
Y1499,*,*
D0095,*,*
D0385,*,*
D0386,*,*
D0387,*,*
D0388,*,*
Y1890,*,*
D0389,*,*
Y1690,*,*
D0065,*,*
XSXWR,*,*
D0064,*,*
XSGGY,*,*
D0390,*,*
D0063,*,*
D0062,*,*
D0391,*,*
D0061,*,*
D0060,*,*
XSYYG,*,*
XSY02,*,*
XSXYW,*,*
Y1590,*,*
D0410,*,*
D0401,*,*
D0402,*,*
D0403,*,*
D0404,*,*
D0055,*,*
NANEA,*,*
D0405,*,*
D0406,*,*
D0407,*,*
XSR09,*,*
D0409,*,*
D0528,*,D0609
D0411,*,*
D0412,*,*
D0413,*,*
D0414,*,*
D0415,*,*
D0416,*,*
D0054,*,*
D0417,*,*
D0418,*,*
D0408,*,*
D0393,*,*
D0384,*,*
XSGGW,*,*
XSG65,*,*
XSG11,*,*
XSG07,*,*
XSBWR,*,*
XSBBR,*,*
D0101,*,*
D0102,*,*
D0400,*,*
D0103,*,*
D0399,*,*
D0104,*,*
XBLTH,*,*
D0058,*,*
D0057,*,*
D0056,*,*
D0394,*,*
D0395,*,*
D0555,*,*
D0397,*,*
XSGRY,*,*
D0392,*,*
D0069,*,*
D0076,*,*
D0348,*,*
D0349,*,*
D0350,*,*
D0351,*,*
D0352,*,*
D0353,*,*
D0354,*,*
D0355,*,*
D0358,*,*
D0077,*,*
D0075,*,*
D0078,*,*
D0079,*,*
D0068,*,*
D0080,*,*
D0081,*,*
D0082,*,*
D0083,*,*
D0067,*,*
Y2189,*,*
D0356,*,*
D0072,*,*
D0332,*,*
D0333,*,*
D0073,*,*
SLITE,*,*
D0334,*,*
D0335,*,*
D0336,*,*
D0337,*,*
D0338,*,*
CHU72,*,*
D0340,*,*
D0347,*,*
D0071,*,*
D0341,*,*
D0070,*,*
D0074,*,*
D0342,*,*
D0343,*,*
D0344,*,*
D0345,*,*
D0346,*,*
D0359,*,*
D0339,*,*
D0377,*,*
D0093,*,*
Y4390,*,*
Y4290,*,*
D0372,*,*
Y4090,*,*
D0373,*,*
Y3690,*,*
D0374,*,*
D0094,*,*
D0357,*,*
D0376,*,*
D0092,*,*
D0378,*,*
D0331,*,*
D0379,*,*
Y2693,*,*
D0380,*,*
D0381,*,*
D0382,*,*
D0383,*,*
D0398,*,*
D0375,*,*
D0086,*,*
D0360,*,*
D0361,*,*
D0362,*,*
D0363,*,*
D0364,*,*
D0365,*,*
D0366,*,*
NWS23,*,*
D0066,*,*
D0371,*,*
D0085,*,*
D0370,*,*
D0087,*,*
D0088,*,*
D0367,*,*
D0089,*,*
D0368,*,*
D0369,*,*
D0090,*,*
D0091,*,*
YEEYE,*,*
Y2193,*,*
D0084,*,*
D0487,*,*
D0119,*,*
MORFH,*,*
D0052,*,*
MOPRC,*,LIGHT
D0051,*,*
D0120,*,*
D0121,*,*
D0050,*,*
D0484,*,*
D0465,*,*
D0486,*,*
D0053,*,*
D0488,*,*
D0489,*,*
D0122,*,*
D0123,*,*
D0049,*,*
D0490,*,*
D0491,*,*
D0492,*,*
D0493,*,*
D0485,*,*
D0476,*,*
D0117,*,*
D0466,*,*
D0467,*,*
D0468,*,*
D0469,*,*
D0470,*,*
D0471,*,*
D0472,*,*
D0473,*,*
MORUN,KNO95,D0573
D0475,*,*
D0118,*,*
D0477,*,*
D0478,*,*
D0479,*,*
D0480,*,*
BLUFF,*,*
D0420,*,*
D0482,*,*
D0396,*,*
D0483,*,*
D0048,*,*
D0474,*,*
D0519,*,*
D0494,*,*
SPLAS,*,*
D0510,*,*
D0511,*,*
D0512,*,*
D0513,*,*
D0514,*,*
D0515,*,*
D0516,*,*
PINKH,*,*
D0518,*,*
D0509,*,*
D0047,*,*
D0520,*,*
D0521,*,*
D0522,*,*
D0523,*,*
D0524,*,*
D0525,*,*
D0526,*,DOC95
HALFE,KNO02,D0608
D0527,*,*
D0517,*,*
D0500,*,*
D0481,*,*
D0124,*,*
D0125,*,*
D0126,*,*
D0496,*,*
D0497,*,*
D0498,*,*
D0499,*,*
D0128,*,*
D0131,*,*
D0129,*,*
D0495,*,*
D0501,*,*
D0130,*,*
WDBOY,*,*
D0502,*,*
D0503,*,*
D0504,*,*
D0505,*,*
D0506,*,*
D0507,*,*
D0508,*,*
MOLIB,*,*
D0108,*,*
D0428,*,*
D0447,*,*
D0448,*,*
D0449,*,*
D0450,*,*
BREND,*,*
D0457,*,*
D0107,*,*
D0444,*,*
D0451,*,*
D0427,*,*
D0452,*,*
D0453,*,*
D0454,*,*
D0455,*,*
D0456,*,*
D0106,*,*
D0437,*,*
D0429,*,*
D0430,*,*
D0431,*,*
D0432,*,*
D0105,*,*
D0433,*,*
D0434,*,*
D0446,*,*
D0436,*,*
D0445,*,*
D0438,*,*
D0439,*,*
D0440,*,*
D0441,*,*
D0442,*,*
D0443,*,*
D0109,*,*
D0435,*,*
D0464,*,*
D0423,*,*
D0112,*,*
D0460,*,*
PHILL,*,*
D0461,*,*
D0458,*,*
D0459,*,*
D0462,*,*
D0463,*,*
D0111,*,*
D0115,*,*
D0116,*,*
D0422,*,*
D0421,*,*
D0426,*,*
D0114,*,*
D0110,*,*
D0425,*,*
D0424,*,*
D0113,*,*
DEVIL,*,*
FAISA,*,*
THORS,*,*
CRUSA,*,*
CAILL,*,*
MANFR,*,*
ARIST,*,*
PROFE,*,*
HEINS,*,*
EXTRA,*,*
ELGRE,*,*
BROWH,*,*
BENTS,*,*
SPREA,*,*
SDVIW,*,*
RTHOL,*,*
GLASS,*,*
BRBRO,*,*
OSSIA,*,*
CAESA,*,*
SOBHR,*,*
BULGY,*,*
OSCAR,*,*
BLTLE,*,*
MOMHI,*,*
SYMME,*,*
SHAMU,*,*
FANCY,*,*
RAVEL,*,*
FRICT,*,*
TWINK,*,*
MHOLE,*,*
UPRHI,*,*
LEOSS,*,*
COYHI,*,*
BILLS,*,*
TRICK,*,*
LLASS,*,*
RTNIC,*,*
VICTO,*,*
BAYLE,*,*
SPUDS,*,*
SORRY,*,*
MOARY,*,*
PRONG,*,*
MOWSP,*,*
SAMSS,*,*
NELSO,*,*
ROMUL,*,*
HUGOS,*,*
GREET,*,*
TIMSS,*,*
PINCS,*,*
CLEOP,*,*
REMUS,*,*
CECIL,*,*
BLIND,*,*
TRNRI,*,*
ETHEL,*,*
CHOCH,*,*
UNILE,*,*
THICK,*,*
TERLO,*,*
BUL65,BULGY,*
ROWAN,*,*
CASSI,*,*
NTRYL,*,*
HECTO,*,*
NRFTY,*,*
TRUBB,*,*
RECTO,*,*
INWAR,*,*
JASEN,*,*
MICKY,*,*
WILLS,*,*
WHEYE,*,*
MOM65,MOMHI,CRUSA
NICKS,*,*
TRIPO,*,*
WINKL,*,*
WINSS,*,*
FRITZ,*,*
TINYS,*,*
SAGGY,*,*
MIDGE,*,*
STARN,*,CRUSA
KINPO,*,*
BRLGS,*,*
BREAC,*,*
BRO66,BROWH,*
LIAMS,*,CRUSA
SLIMH,*,*
FERDI,*,*
RGRHI,*,*
PETES,*,*
FINGA,*,*
VAGRA,*,*
LOWSE,*,*
WDTYS,*,*
LKBEA,*,*
RGRIT,*,*
NIPSS,*,*
YTAGG,*,*
PROTE,*,*
DEARG,*,*
OTAGG,*,*
FEEDE,*,*
ELG66,*,*
CROTT,*,*
ALBER,*,*
CURLY,*,*
LTNCK,*,*
UPTUR,*,*
TUFTW,*,*
MHO67,MHOLE,CRUSA
CONGA,*,*
BLOSS,*,CRUSA
SCOLL,*,*
HAMIS,*,*
APRIC,*,*
GHILL,*,*
LTBRO,*,*
HUNCH,*,*
ELECT,*,*
BIGEA,*,*
TALLS,*,*
ADAMS,*,*
MOM67,MOMHI,*
HUMME,*,*
AMBER,*,*
TORMO,*,*
HEFTY,*,*
RTN67,RTNIC,*
MYRTL,*,*
LTFLH,*,*
LITLH,*,*
BUDDY,BROWH,*
TWIST,*,*
ACHIL,*,*
STUMP,*,*
BIGHE,*,*
GESTI,*,*
KELTI,*,*
KINDS,*,*
MOM68,MOMHI,*
ODDSS,*,*
BOSSS,*,CRUSA
YESTE,*,*
HIAWA,*,*
SOB68,SOBHR,*
SOOTY,*,*
ALTOS,*,*
NAMEL,*,*
ANGUS,*,*
POINT,*,*
SHARP,*,*
UPR68,UPRHI,CRUSA
SPIND,*,*
BLT68,BLTLE,*
HAGGI,*,*
MOGPI,*,*
ELG68,ELGRE,*
GRE68,GREET,THORS
CONAR,*,*
USHAS,*,*
PROCO,*,*
ANTEL,*,*
FIERC,*,*
BWBLS,*,*
ELSIV,*,*
LOLLY,*,*
LKCHU,*,*
RICKY,*,*
SOB69,SOBHR,*
GRE69,GREET,*
SWITC,*,*
VELVE,*,*
COLLE,OTAGG,*
GLA69,GLASS,CRUSA
REDYE,*,D0583
COOPE,*,*
RTWIS,*,*
COCKL,*,*
TRN69,TRNRI,CAESA
GIPSY,*,*
XSXGY,*,*
NIMRO,*,*
ENOCH,*,*
LTSPI,*,*
SIPAL,*,*
ALFRD,*,*
TOMSS,*,*
MOLIN,*,*
RTN69,RTNIC,CRUSA
MOM69,MOMHI,*
WHIGR,YTAGG,*
RGR69,RGRHI,FAISA
POLLU,BULGY,CRUSA
CAI69,CAILL,*
BLT69,BLTLE,CRUSA
BLUNT,*,*
FORKT,*,*
SPR70,SPREA,*
DICKS,*,THORS
JOKER,*,*
SEREN,*,*
FLICK,*,*
XSXGW,*,*
BRO70,BROWH,*
XSXRY,*,*
RTH70,RTHOL,*
LIT70,LITLH,*
XSRSY,*,*
MOL70,MOM65,*
SGA70,SGAOR,*
UPT70,UPTUR,D0576
PHANT,*,*
CLYDE,*,*
GRE70,GREET,*
MOA70,MOARY,D0576
FAMIL,*,*
SREDS,*,*
XSW70,*,*
JUNCU,*,THORS
FEE70,FEEDE,*
XSR63,*,*
BUL70,BULGY,THORS
BLO70,BLOSS,*
CRT70,CROTT,*
MAXIS,*,*
MAGNI,*,*
MHO70,MHOLE,*
SLIPP,D0527,D0572
CLE70,CLEOP,*
ORPHA,*,*
OTA70,OTAGG,*
CHO70,CHOCH,*
THI70,ELG66,*
SOB70,SOBHR,*
TRN70,TRNRI,*
CAI70,CAILL,HEINS
LTF70,LTFLH,*
GLA70,GLASS,*
ELG70,ELGRE,*
YTA70,YTAGG,*
IIIIS,*,*
SLM70,SLIMH,*
RGR70,RGRHI,*
BRANN,*,*
RTN70,RTNIC,*
TAL70,BRO66,FAISA
CLE71,CLEOP,*
MYR71,MYRTL,*
BST71,MHO67,*
BET71,BLT68,*
MHO71,MHOLE,*
YTA71,YTAGG,*
PASTO,*,*
SCO71,SCOLL,D0586
TAL71,BRO66,FAISA
VINCE,*,*
OTA71,OTAGG,*
RGR71,RGRHI,D0576
SPIKE,*,*
GROWT,*,*
MOW71,MOWSP,FAISA
GRE71,GREET,*
SLM71,SLIMH,*
WIN71,WINKL,*
PGB71,SOB68,*
X099H,*,*
BUL71,BULGY,CRUSA
MOM71,MOMHI,*
LTF71,LTFLH,*
KONKO,*,*
MOA71,MOARY,*
CRT71,CROTT,THORS
MAG71,MOM67,*
BLT71,BLTLE,*
CHO71,CHOCH,*
LITKN,*,*
CAI71,CAILL,*
MOL71,MOM65,*
STUBB,*,D0583
YHO71,GRE68,D0576
LOW71,LOWSE,*
SOB71,SOBHR,*
XSWSB,*,*
RTH71,RTHOL,*
NEWTS,*,*
SNARL,*,*
XTWSB,*,*
BRO71,BROWH,*
XWBSB,*,*
XWWSB,*,*
STULS,*,*
BILBO,*,*
SWEEP,*,*
UPT71,UPTUR,CECIL
X0TA1,*,*
XBLRT,*,*
XBWSB,*,*
CORKS,*,*
SPR71,SPREA,*
XRWSB,*,*
UPR71,UPRHI,CRUSA
FEE71,FEEDE,*
COY71,COYHI,*
ELG71,ELGRE,*
SICKT,MOCTT,*
TRN71,TRNRI,*
FRODO,D0527,D0572
XRRSB,*,*
BRA72,ELG68,*
LIT72,LITLH,FAISA
RTN72,RTNIC,*
BLT72,BLTLE,*
LIBRA,*,*
LIKEC,*,*
NOB72,BUL65,*
SPR72,SPREA,*
SOB72,SOBHR,*
CHO72,CHOCH,*
THI72,ELG66,*
RTH72,RTHOL,*
SOLOM,MOWSP,THORS
BUL72,BULGY,FAISA
YHO72,GRE68,HEINS
OTA72,OTAGG,*
MYR72,MYRTL,*
YTA72,YTAGG,HEINS
CLE72,CLEOP,D0583
PGB72,SOB68,*
MOP72,MOM68,*
WHI72,WHIGR,THORS
MOM72,MOMHI,FAISA
SOO72,SOOTY,*
LTNIK,*,CAESA
COC72,COCKL,*
COINH,*,*
COL72,COLLE,HEINS
GRE72,GREET,HEINS
VASES,*,*
BIG72,BIGHE,*
MHO72,MHOLE,*
UPT72,UPTUR,*
FEE72,FEEDE,*
COTTO,*,*
COY72,COYHI,*
MAG72,MOM67,FAISA
CHALL,*,*
LOW72,LOWSE,*
UPR72,UPRHI,FAISA
GLA72,GLASS,*
BRO72,BROWH,THORS
TISPI,*,*
CAI72,CAILL,*
TRN72,TRNRI,FAISA
RED72,REDYE,HEINS
SCO72,SCOLL,THORS
LTF72,LTFLH,HEINS
TAL72,BRO66,THORS
TOR72,TRN69,CECIL
RGR72,RGRHI,HEINS
BST72,MHO67,*
ELG72,ELGRE,*
CRT72,CROTT,HEINS
MOL72,MOLIN,*
FORCE,*,*
BLO72,BLOSS,FAISA
POL72,POLLU,*
CHE72,BLT69,D0542
MOD72,MOM65,FAISA
POL73,POLLU,D0542
CAI73,CAILL,*
INDEN,*,*
GL373,GLA69,THORS
LOW73,LOWSE,*
CHE73,BLT69,*
BLT73,BLTLE,CECIL
GLA73,GLASS,*
LIT73,LITLH,CECIL
BARKE,*,*
THI73,ELG66,*
CRT73,CROTT,*
WEY73,WHEYE,*
BRA73,ELG68,*
M1092,*,*
UPR73,UPRHI,CECIL
RGR73,RGRHI,FAISA
BST73,MHO67,HEINS
SPRIG,*,BUDDY
BET73,BLT68,*
BDLFT,MOWSP,THORS
APR73,APRIC,*
TOR73,TRN69,*
ROW73,ROWAN,*
TAL73,BRO66,*
Y3478,*,*
MOL73,MOLIN,*
SOB73,SOBHR,*
CLE73,CLEOP,HEINS
YTA73,YTAGG,*
LTF73,LTFLH,*
RTN73,RTNIC,SDVIW
RED73,REDYE,SAGGY
CHO73,CHOCH,VICTO
SIE73,LIT70,*
TRN73,TRNRI,D0542
RTH73,RTHOL,*
PIBRO,MOLIB,CONAR
MOM73,MOMHI,*
BUL73,BULGY,STARN
COL73,COLLE,HEINS
GRE73,GREET,HEINS
FEM73,CLE70,*
MOY73,UPR68,CECIL
SOOO7,SOOTY,*
MOD73,MOM65,*
WHI73,WHIGR,CAESA
PGB73,SOB68,*
BIG73,BIGHE,*
COY73,COYHI,*
BKNST,*,*
ALCOC,*,*
SPR73,SPREA,*
WIN73,WINKL,*
ELG73,ELGRE,*
BLO73,BLOSS,*
FEE73,FEEDE,HEINS
MOY74,UPR68,D0542
RED74,REDYE,D0586
BRF74,FEE71,TRICK
KIL74,BUL71,*
PJANE,*,*
CLE74,CLEOP,*
RTN74,RTNIC,*
SCARI,*,*
PGB74,SOB68,*
CMOFF,*,ARIST
CHRIS,*,D0583
NRSWI,MOWSP,MAXIS
COC74,COCKL,D0609
OTA74,OTAGG,*
ROW74,ROWAN,*
POL74,POLLU,*
MOR74,MORFH,*
BST74,MHO67,SAGGY
MOP74,MOM68,*
MOM74,MOMHI,*
CAI74,CAILL,*
COY74,COYHI,*
MAG74,MOM67,*
QUINS,*,NICKS
BRIGH,*,*
JEMMY,*,*
CRT74,CROTT,SAGGY
MOD74,MOM65,VICTO
PIN74,TAL70,D0542
JOS74,ELG71,*
LIMES,*,*
CHE74,BLT69,*
LTN74,LTNCK,*
LIT74,LITLH,D0590
LTF74,LTFLH,D0542
SCO74,SCOLL,*
PEBBL,*,*
LIC74,CRT71,D0601
NOB74,BUL65,*
RTH74,RTHOL,*
MYR74,MYRTL,*
RGR74,RGRHI,*
BURNE,*,*
MOL74,MOLIN,*
SID74,MOL70,*
COL74,COLLE,SAGGY
CHO74,CHOCH,*
SAMES,*,*
BUL74,BULGY,*
TEA74,TAL71,*
YTA74,YTAGG,D0586
BGR74,MOBGG,*
FIR74,BUL70,*
BAR74,BARKH,*
YHO74,GRE68,SAGGY
YELLO,*,HAMIS
THI74,ELG66,*
SOB74,SOBHR,*
SOO74,SOOTY,*
Y0381,*,*
UPT74,UPTUR,D0542
SPR74,SPREA,*
FEE74,FEEDE,*
WIN74,WINKL,*
UPR74,UPRHI,CECIL
TBONE,*,*
BLO74,BLOSS,*
TAMEG,*,*
BIG74,BIGHE,*
FRANK,*,*
GREYS,*,*
GRE74,GREET,*
TAL74,BRO66,*
WID74,MOW71,*
APR74,APRIC,*
GL374,GLA69,*
GLA74,GLASS,*
VER74,RGR71,D0590
ZEBRA,MOLIB,BLT71
TRIAN,*,*
BR274,BRO70,SAGGY
TRN74,TRNRI,THORS
TOR74,TRN69,PINCS
BET74,BLT68,*
BRA74,ELG68,*
UPT75,UPTUR,*
RGR75,RGRHI,*
RED75,REDYE,*
OTA75,OTAGG,*
BST75,MHO67,YESTE
VER75,RGR71,*
TER75,TRN72,STARN
WORRI,*,*
PRY75,WIN71,*
BET75,BLT68,*
FOL75,MOD72,CONGA
UPR75,UPRHI,CECIL
MEL75,YHO71,SAGGY
TRN75,TRNRI,*
BLT75,BLTLE,ETHEL
COL75,COLLE,*
APR75,APRIC,*
WHI75,WHIGR,*
GLA75,GLASS,*
GPI75,*,*
MOL75,MOM65,PINCS
GL375,GLA69,PINCS
WHINO,*,*
TOR75,TRN69,BOSSS
SCO75,SCOLL,*
GRE75,GREET,*
MOY75,UPR68,STARN
POL75,POLLU,*
WID75,MOW71,*
KIL75,BUL71,*
CHE75,BLT69,D0609
BIG75,BIGHE,*
CRT75,CROTT,*
TAL75,BRO66,CONGA
COC75,COCKL,*
SLOPE,*,D0604
PGB75,SOB68,*
OTC75,OTA72,*
LTF75,LTFLH,*
CLE75,CLEOP,SAGGY
LONGS,*,*
BAR75,UPR71,ETHEL
SIE75,LIT70,*
CLC75,COL72,*
MASSI,*,*
NOB75,BUL65,*
YTA75,YTAGG,YESTE
MANES,*,*
SMILE,*,*
RTH75,RTHOL,*
HUMML,*,*
FIR75,BUL70,ETHEL
CHO75,CHOCH,PINCS
ROW75,ROWAN,*
BLO75,BLOSS,CECIL
FEE75,FEEDE,*
SHUVS,*,*
SID75,MOL70,*
YHO75,GRE68,*
DOR75,YTA72,*
CPBPT,*,TRICK
BUL75,BULGY,*
LIT75,LITLH,*
PALEF,*,*
RTN75,RTNIC,*
SIC75,SICKT,*
COY75,COYHI,*
POL76,POLLU,*
CHE76,BLT69,D0603
KIN76,ROW73,*
APR76,APRIC,*
ASH76,ROW74,*
KIL76,BUL71,ELSIV
FIR76,BUL70,*
LIT76,LITLH,D0604
ROCKY,*,SLIPP
ASP76,TOR72,*
LKBRF,*,*
SCO76,SCOLL,MAXIS
GL376,GLA69,PINCS
TOR76,TRN69,D0603
GLA76,GLASS,*
PIN76,TAL70,*
WEY76,WHEYE,*
TUFTS,*,*
BET76,BLT68,YESTE
STURD,*,*
LIC76,CRT71,MAXIS
RUFOU,*,*
COY76,COYHI,*
COR76,RTN73,*
TRN76,TRNRI,*
UPR76,UPRHI,*
DOR76,YTA72,*
RTN76,RTNIC,*
TER76,TRN72,*
UPT76,UPTUR,ELSIV
SADAM,*,*
COC76,COCKL,*
THI76,ELG66,*
BIG76,BIGHE,SOLOM
VER76,RGR71,*
BST76,MHO67,*
TEA76,TAL71,SAGGY
RGR76,RGRHI,*
MAN76,MOM72,*
FLINT,*,*
RED76,REDYE,*
CRT76,CROTT,MAXIS
MEL76,YHO71,MAXIS
TAL76,BRO66,*
BAR76,UPR71,*
TAC76,TAL73,*
COL76,COLLE,*
WIN76,WINKL,*
BRF76,FEE71,SAGGY
MYT76,COC72,*
BR276,BRO70,*
SEELS,*,*
BOWLS,*,*
BRC76,BRA72,*
PGB76,SOB68,*
MYR76,MYRTL,*
BRA76,ELG68,*
MOY76,UPR68,BOSSS
JOS76,ELG71,*
CLC76,COL72,*
YHO76,GRE68,MAXIS
PASSS,*,*
SNI76,GRE73,*
OTC76,OTA72,*
MSTRL,*,*
YTA76,YTAGG,D0586
CLE76,CLEOP,YESTE
OTA76,OTAGG,MAXIS
NOB76,BUL65,YESTE
CIN76,BST73,HECTO
BLC76,BLO72,*
WHI76,WHIGR,MAXIS
SID76,MOL70,*
MOP76,MOM68,*
BLT76,BLTLE,*
CHO76,CHOCH,*
GRC76,GRE72,YESTE
SLE76,THI72,*
Y2184,*,*
MUS77,RED74,MAXIS
SNI77,GRE73,MAXIS
BST77,MHO67,*
VER77,RGR71,*
COI77,COINH,*
LIT77,LITLH,*
ROW77,ROWAN,*
LIM77,POL73,*
WIN77,WINKL,*
DIAMO,*,*
COC77,COCKL,*
CMO77,CMOFF,SAGGY
JEN77,JOS74,*
LIC77,CRT71,*
NOB77,BUL65,*
SIC77,SICKT,*
TURED,*,*
BLO77,BLOSS,*
THO77,YTA74,*
DAR77,BLT73,*
MAG77,MOM67,*
FOL77,MOD72,D0601
CHO77,CHOCH,*
MEL77,YHO71,SAGGY
UPT77,UPTUR,YESTE
COR77,RTN73,*
MAN77,MOM72,*
RTN77,RTNIC,*
USUAL,*,*
TER77,TRN72,*
JACKS,D0528,SLIPP
BAR77,UPR71,BOSSS
SIE77,LIT70,*
BUC77,BUL73,*
PRI77,PGB74,*
MIS77,THI73,*
LAS78,LLASS,*
BRF77,FEE71,STUBB
FIR77,BUL70,*
PRY77,WIN71,*
CHE77,BLT69,STARN
MOG77,*,BLT71
CAI77,CAILL,*
TRN77,TRNRI,*
GRC77,GRE72,*
CRT77,CROTT,MAXIS
KIL77,BUL71,*
TAL77,BRO66,D0586
OTA77,OTAGG,MAXIS
PLO77,TRN74,CONGA
SCO77,SCOLL,PHANT
KIN77,ROW73,*
BRA77,ELG68,*
JOS77,ELG71,*
BR277,BRO70,*
JUN77,BET73,*
GL377,GLA69,*
SLE77,THI72,*
RED77,REDYE,MAXIS
MOL77,MOM65,*
PIN77,TAL70,*
WHI77,WHIGR,*
BLC77,BLO72,*
WHE77,UPR74,BLT71
TOR77,TRN69,*
RGR77,RGRHI,*
ASP77,TOR72,STARN
PGB77,SOB68,*
CLE77,CLEOP,YESTE
TAC77,TAL73,*
TAB77,YTA73,*
YTA77,YTAGG,MAXIS
DOR77,YTA72,*
MOY77,UPR68,*
POL77,POLLU,SOLOM
CLC77,COL72,*
COB77,COL74,*
SEP77,CHO73,BOSSS
CAN77,WHI73,*
LTF77,LTFLH,BOSSS
FAG77,CHE73,*
FLY78,LTF74,*
THO78,YTA74,JUNCU
RFH78,MOR74,*
THI78,ELG66,*
RET78,RTN74,*
ADZ78,MOY74,*
DKPTH,*,*
BET78,BLT68,*
BR278,BRO70,*
FIR78,BUL70,*
NUC78,SCO74,*
BAR78,UPR71,*
NOB78,BUL65,YESTE
CIN78,BST73,MAXIS
M0686,*,*
SIC78,SICKT,*
HIC78,BLT75,*
DOR78,YTA72,JUNCU
AGA78,RTH72,*
YHO78,GRE68,*
BRC78,BRA72,*
M4887,*,*
OTA78,OTAGG,CORKS
MAC78,YHO74,*
LIM78,POL73,*
Y2984,*,*
CLC78,COL72,CRT72
SIE78,LIT70,*
ROW78,ROWAN,*
CAL78,MOL73,*
CHO78,CHOCH,*
LIT78,LITLH,*
YTA78,YTAGG,*
MAN78,MOM72,*
LTN78,LTNCK,*
RGR78,RGRHI,*
BLT78,BLTLE,*
LAP78,MOL75,*
TOR78,TRN69,BOSSS
ASP78,TOR72,*
BIG78,BIGHE,*
MOY78,UPR68,RGR69
WID78,MOW71,*
LTF78,LTFLH,*
CMO78,CMOFF,JUNCU
VIC78,APR74,*
PGB78,SOB68,*
DAM78,APR73,*
TAPLE,*,*
BLO78,BLOSS,YHO72
TEA78,TAL71,SAGGY
VER78,RGR71,MAXIS
JAN78,PJANE,*
TAC78,TAL73,*
PLIED,*,*
BITES,*,*
WEY78,WHEYE,*
KEL78,KELTI,*
PIN78,TAL70,MAXIS
JUN78,BET73,*
GL378,GLA69,*
SEP78,CHO73,CONAR
CHE78,BLT69,*
TAL78,BRO66,*
SCO78,SCOLL,SOO72
WHO78,MYR74,*
JOS78,ELG71,*
KIL78,BUL71,*
APR78,APRIC,*
KIN78,ROW73,*
PNK78,PINKH,*
MOS78,CRT74,MAXIS
LIB78,LIBRA,BLT71
MYT78,COC72,*
UPR78,UPRHI,CONAR
CUR78,UPT74,PHANT
LEN78,MOY73,*
CLM78,CLE74,*
COR78,RTN73,*
COL78,COLLE,MAXIS
WIN78,WINKL,*
Y1284,*,*
COT78,COL75,*
PRY78,WIN71,*
Y1584,*,*
Y1585,*,*
PEB78,PEBBL,*
TER78,TRN72,*
AXISS,*,GROWT
LIC78,CRT71,*
ASH78,ROW74,*
MIN78,WID74,*
UPT78,UPTUR,YESTE
COI79,COINH,*
CAN79,WHI73,*
PER79,LIT75,*
WHO79,MYR74,MAXIS
PLO79,TRN74,BOSSS
DUNOS,*,*
PHO79,FEE75,*
PRY79,WIN71,*
COT79,COL75,*
NOB79,BUL65,*
UPT79,UPTUR,MAXIS
ADZ79,MOY74,*
WHI79,WHIGR,*
MUS79,RED74,SCO71
RED79,REDYE,SCO71
TOR79,TRN69,*
MOP79,MOM68,*
MOL79,MOM65,BLT71
OTA79,OTAGG,*
COW79,PGB75,SCO71
MAW79,MOD74,BLT71
WHE79,UPR74,*
COL79,COLLE,SCO71
PRI79,PGB74,MAXIS
COC79,COCKL,*
YHO79,GRE68,*
VER79,RGR71,MAXIS
DAR79,BLT73,*
MEL79,YHO71,PHANT
MOY79,UPR68,*
CAR79,COC75,*
CLC79,COL72,*
WID79,MOW71,JUNCU
CLM79,CLE74,SCO71
MOC79,CHO75,*
QUA79,BR274,*
LTF79,LTFLH,*
TYS79,TOR75,*
DEC79,COY75,*
BAR79,UPR71,BOSSS
NUC79,SCO74,*
RAN79,YTA75,*
VIX79,LTF73,*
MAN79,MOM72,*
COB79,COL74,*
CAL79,MOL73,*
CLE79,CLEOP,*
MOG79,MOGPI,*
APR79,APRIC,*
POL79,POLLU,RGR72
BRF79,FEE71,MAXIS
CUR79,UPT74,*
FAG79,CHE73,SCO71
FORTS,*,CLE72
BLC79,BLO72,*
BUC79,BUL73,YESTE
KIL79,BUL71,SAGGY
SPEED,*,*
LAS79,LLASS,*
TIT79,CLE75,BLT71
FIR79,BUL70,*
HES79,CLC75,*
GRC79,GRE72,BOSSS
JOS79,ELG71,MAXIS
KIW79,BLO75,MAXIS
LIT79,LITLH,BLT71
TOPIS,*,*
KEL79,KELTI,*
KIN79,ROW73,*
SCO79,SCOLL,*
TAC79,TAL73,*
BON79,TBONE,*
LIC79,CRT71,*
SIE79,MEL75,*
BOT79,GL375,BLT71
TER79,TRN72,BOSSS
SNI79,GRE73,*
SIL79,LIT70,*
CRT79,CROTT,*
RGR79,RGRHI,*
BRA79,ELG68,*
CRA80,BIG76,*
MOC80,CHO75,*
ASH80,ROW74,*
DAM80,APR73,*
BIG80,BIGHE,*
COB80,COL74,WHI72
VIX80,LTF73,*
KIN80,ROW73,*
THO80,YTA74,PHANT
KIL80,BUL71,*
MAN80,MOM72,*
FLY80,LTF74,*
TER80,TRN72,BOSSS
FOL80,MOD72,*
PRY80,WIN71,*
CUR80,UPT74,*
UPT80,UPTUR,*
SAF80,CRT76,LTNIK
UMB80,MEL76,LTNIK
COL80,COLLE,PHANT
VER80,RGR71,CRT72
CFU80,CMO77,*
TEA80,TAL71,MAXIS
TAN80,THI76,*
COR80,RTN73,*
COW80,PGB75,RED72
PRI80,PGB74,*
ASP80,TOR72,*
BON80,TBONE,*
PEC80,SCO76,*
HES80,CLC75,RED72
BRC80,BRA72,*
SIC80,SICKT,*
HIC80,BLT75,MAG72
NON80,NOB76,*
CLE80,CLEOP,*
BLC80,BLO72,*
YEY80,YEEYE,*
NECKS,*,*
YTA80,YTAGG,*
CLC80,COL72,RED72
CIN80,BST73,WHI72
ADZ80,MOY74,*
BRA80,ELG68,*
SLI80,SLE76,*
OTA80,OTAGG,*
BR280,BRO70,*
SIE80,MEL75,*
PGB80,SOB68,*
WAX80,WHI76,CLE72
GL380,GLA69,SOO72
PIN80,TAL70,*
THR80,PGB76,RED72
JUN80,BET73,*
VIC80,APR74,CLE72
MOP80,MOM68,*
MOS80,CRT74,MAXIS
Y1386,*,*
SEP80,CHO73,*
ALM80,APR75,*
WIG80,TEA76,*
JAN80,PJANE,*
JAM80,APR76,*
BLO80,BLOSS,*
HAR80,MOY76,*
MYT80,COC72,*
CLM80,CLE74,CRT72
CHE80,BLT69,SOO72
PHO80,FEE75,*
RGR80,RGRHI,*
LIM80,POL73,MAXIS
MAG80,MOM67,*
CAN80,WHI73,CLE72
CRE80,CLE76,PHANT
DOR80,YTA72,*
BET80,BLT68,*
MAC80,YHO74,*
TRA80,GRC76,*
BAR80,UPR71,RGR72
BUR80,BURNE,*
LOG80,BRA77,*
TRN80,TRNRI,*
LTN80,LTNCK,*
TOR80,TRN69,*
QUA81,BR274,*
NUC81,SCO74,*
COI81,COINH,*
COC81,COCKL,*
LAM81,CMO78,CRT72
LAP81,MOL75,CLE72
TAN81,THI76,*
WEE81,WHE77,*
FOSSI,*,*
BRA81,ELG68,RED72
BIS81,CIN76,*
RGR81,RGRHI,*
Y1688,*,*
BON81,TBONE,*
CAN81,WHI73,CLE72
JUN81,BET73,CORKS
CLD81,CLE77,*
GAL81,POL77,BRF74
M3491,*,*
ASH81,ROW74,*
WHI81,WHIGR,*
PEC81,SCO76,CORKS
WAVYS,*,SOB70
KIL81,BUL71,*
APR81,APRIC,*
TIT81,CLE75,*
SIE81,LIT70,*
DEC81,COY75,RED72
KIN81,ROW73,*
SCO81,SCOLL,PHANT
YEY81,YEEYE,*
CHE81,BLT69,*
LIT81,LITLH,*
CHEST,D0528,JUNCU
ROYAL,*,*
KIP81,WID78,*
CLE81,CLEOP,*
SNI81,GRE73,*
M2191,*,*
AVO81,UPT78,*
KEL81,KELTI,*
PRI81,PGB74,*
VER81,RGR71,MAXIS
HIC81,BLT75,RED73
FAG81,CHE73,*
SYL81,SLE77,*
KIW81,BLO75,*
CAR81,COC75,*
MUS81,RED74,CORKS
RAN81,YTA75,*
POL81,POLLU,MAG72
FIR81,BUL70,*
CRT81,CROTT,*
LIGHT,*,*
COR81,RTN73,TRN73
MOY81,UPR68,*
GRC81,GRE72,MYR72
OST81,COC76,*
LIB81,LIBRA,*
BLC81,BLO72,GROWT
CLC81,COL72,*
PGB81,SOB68,*
TUR81,MUS77,*
ADZ81,MOY74,*
TYS81,TOR75,TRN73
EIF81,COT78,WHI72
MAC81,YHO74,*
WID81,MOW71,*
PRY81,WIN71,*
CRA81,BIG76,GROWT
HAR81,MOY76,*
RED81,REDYE,BAR75
WIG81,TEA76,PHANT
TRA81,GRC76,PHANT
MAW81,MOD74,GROWT
OTA81,OTAGG,CRT72
THO81,YTA74,CLE72
SLI81,SLE76,*
PER81,LIT75,*
BR281,BRO70,WHI72
JAN81,PJANE,*
BOT81,GL375,TRN73
LEN81,MOY73,PHANT
NEL81,JOS77,*
WHO81,MYR74,TER75
JOS81,ELG71,*
BRF81,FEE71,*
FOL81,MOD72,YHO72
BUC81,BUL73,YHO72
CUR81,UPT74,MAXIS
BAR81,UPR71,BOSSS
COP81,COI77,*
IBI81,UPT77,MAXIS
BLIPS,*,*
BRF82,FEE71,TAMEG
BAR82,UPR71,GROWT
JOS82,ELG71,*
SPNDL,*,*
LUZ82,DOR78,MAXIS
CAL82,CIN78,PHANT
CHE82,BLT69,CRT72
NIBSI,D0525,CHE75
MOS82,CRT74,PHANT
BLO82,BLOSS,TRN73
Y1488,*,*
LIZ82,LTF77,TOR74
WHI82,WHIGR,COY76
JAN82,PJANE,*
PLO82,TRN74,GROWT
CAN82,WHI73,*
NON82,NOB76,LTNIK
WAX82,WHI76,*
STU82,STURD,*
HES82,CLC75,*
WHA82,CUR78,*
LOB82,TOR78,GROWT
MOY82,UPR68,BLT71
FID82,VER78,CRT72
WEE82,WHE77,BLT71
KIN82,ROW73,*
WHE82,UPR74,*
PEC82,SCO76,MAXIS
BRC82,BRA72,LIKEC
JUN82,BET73,SOO72
BLC82,BLO72,TRN73
RHY82,MOS78,PHANT
ALM82,APR75,*
HAR82,MOY76,TAL75
MYT82,COC72,*
GL382,GLA69,BLT71
SEP82,CHO73,BLT71
RAN82,YTA75,D0605
CLM82,CLE74,PHANT
LOG82,BRA77,*
CAP82,SNI77,NRSWI
TIT82,CLE75,PHANT
LIM82,POL73,*
MEL82,YHO71,*
BON82,TBONE,*
AGA82,RTH72,*
IBI82,UPT77,MAXIS
UPT82,UPTUR,CRT72
SKA82,LIB78,WHI72
AVO82,UPT78,CLE72
CIN82,BST73,SCO75
PRI82,PGB74,PHANT
DAR82,BLT73,PHANT
SAF82,CRT76,CLE72
CONFI,*,BUL72
ASP82,TOR72,BLT71
M3291,*,*
COL82,COLLE,D0570
HIC82,BLT75,YHO72
FLY82,LTF74,*
SLITS,*,CHE75
THO82,YTA74,D0578
CRE82,CLE76,PHANT
MAN82,MOM72,*
DAM82,APR73,*
MAX82,COL78,PHANT
THR82,PGB76,*
BUC82,BUL73,LTNIK
CRA82,BIG76,SOO72
CLA82,CLE77,PHANT
UMB82,MEL76,PHANT
TYS82,TOR75,TAL75
ADZ82,MOY74,*
PRY82,WIN71,*
LIB82,LIBRA,*
LENOT,*,OTA76
CLC82,COL72,*
RED82,REDYE,D0578
STOBS,*,*
KIL82,BUL71,UPR72
LIT82,LITLH,*
PNK82,PINKH,*
VIX82,LTF73,*
DOR82,YTA72,LIT76
TWI82,BRA79,*
SIE82,MEL75,LIKEC
QUI82,MEL77,CRT72
POL82,POLLU,*
MOC82,CHO75,*
SYL82,SLE77,*
VER82,RGR71,CRT72
M1791,*,*
COB82,COL74,*
SIL82,LIT70,*
FRE82,THO78,*
CFU82,CMO77,BLT71
TEA82,TAL71,LTNIK
OXL83,PRI79,D0578
CRY83,CLC79,*
ELF83,CLC78,LIC74
BOT83,GL375,*
NUC83,SCO74,*
CAN83,WHI73,*
OCH83,SAF80,YELLO
OST83,COC76,*
Y2888,*,*
OTA83,OTAGG,*
YECOA,*,*
PAR83,COW79,LTNIK
FAN83,COL80,*
MUS83,RED74,NRSWI
DSA97,*,LIKEC
NOTCH,*,*
Y4690,*,*
HIC83,BLT75,TER75
CRUMP,*,*
IDU83,THO80,*
IBI83,UPT77,*
TRA83,GRC76,LTNIK
SPE83,SPEED,*
HES83,CLC75,*
NIC83,COT79,LIKEC
PEE83,PLO77,*
BON83,TBONE,*
DOR83,YTA72,LIKEC
ZEB83,ZEBRA,*
CLA83,CLE77,LIC74
ILL83,DEC79,*
INI83,VER79,LIT74
CLC83,COL72,D0578
SME83,TEA78,*
ADZ83,MOY74,*
SIS83,SIC78,*
PAT83,LIM78,*
SIE83,LIT70,*
SOR83,ROW77,*
FRE83,THO78,D0570
PRI83,PGB74,MAG72
ASP83,TOR72,SOO72
FLA83,UPT79,YELLO
SAF83,CRT76,LIC74
CAR83,COC75,*
LAP83,MOL75,D0605
LAM83,CMO78,OTC76
COI83,COINH,*
FIR83,BUL70,*
GEM83,POL79,BST74
QUA83,BR274,*
PRK83,OTA78,SOO72
COB83,COL74,*
TUR83,MUS77,*
VER83,RGR71,TER75
FUL83,MAW79,GROWT
PNY83,THR80,*
KIL83,BUL71,TER75
AQU83,COB80,*
FID83,VER78,OTC76
GAL83,POL77,LTNIK
COC83,COCKL,*
MAD83,BOT79,*
THORN,*,*
THO83,YTA74,*
MAN83,MOM72,TOR74
CRK83,KIN77,*
MAW83,MOD74,GROWT
CRA83,BIG76,RED77
FLY83,LTF74,NRSWI
THR83,PGB76,*
TER83,TRN72,GROWT
AVO83,UPT78,CHE75
UMB83,MEL76,OTC76
COP83,COI77,*
LIB83,LIBRA,*
MAC83,YHO74,NRSWI
LENNY,DHA94,*
LEN83,MOY73,GROWT
BUC83,BUL73,TER75
CUR83,UPT74,NRSWI
MEL83,YHO71,RED73
FOL83,MOD72,GROWT
LIM83,POL73,LTNIK
SYL83,SLE77,*
TYS83,TOR75,GROWT
PGB83,SOB68,MASSI
WHA83,CUR78,LIC74
WHE83,UPR74,UPR72
JUG83,BRF79,NRSWI
PIB83,*,*
MOS83,CRT74,TOR74
WHO83,MYR74,*
WHS83,BAR79,GROWT
BIS83,CIN76,LIKEC
SEP83,CHO73,GROWT
JOW83,WID79,*
BLC83,BLO72,*
GRC83,GRE72,*
LOB83,TOR78,*
WID83,MOW71,*
NON83,NOB76,TER75
WIG83,TEA76,RED73
PET83,FAG79,NRSWI
MUR83,COL79,*
BAR83,UPR71,GROWT
SCO83,SCOLL,*
WEE83,WHE77,UPR72
WAX83,WHI76,*
RAN83,YTA75,*
MOL83,MOM65,*
WAN83,WAX80,BRF77
PIN83,TAL70,LIC74
LIZ83,LTF77,GROWT
MYT84,COC72,*
KEL84,KELTI,*
KIL84,BUL71,*
CLM84,CLE74,NRSWI
GRC84,GRE72,*
CUC84,UMB80,RED77
ELF84,CLC78,*
LEN84,MOY73,*
FLY84,LTF74,*
HAR84,MOY76,SCO75
LOB84,TOR78,TAL75
MEL84,YHO71,LTNIK
CRA84,BIG76,TER75
MAX84,COL78,SEP78
GAL84,POL77,RED77
CRE84,CLE76,LTNIK
OTA84,OTAGG,*
GEM84,POL79,RED77
DAM84,APR73,*
MUR84,COL79,*
MUS84,RED74,OTA76
FID84,VER78,*
NIC84,COT79,*
CROSS,*,*
COB84,COL74,*
OCC84,CLC80,*
LUZ84,DOR78,*
LAM84,CMO78,ROCKY
HIC84,BLT75,TER75
EOL84,CAN80,*
JUN84,BET73,LTNIK
LAP84,MOL75,*
JUG84,BRF79,*
ILE84,CHE80,TER75
LOG84,BRA77,*
IDU84,THO80,OTA76
FLA84,UPT79,*
CWR84,LIM80,*
NON84,NOB76,TER75
HES84,CLC75,*
KIW84,BLO75,*
JAN84,PJANE,*
MOC84,CHO75,LTNIK
IBI84,UPT77,TOR76
CRY84,CLC79,*
CUR84,UPT74,RED77
FOL84,MOD72,RED77
KIP84,WID78,*
KINLQ,*,*
JOW84,WID79,LTNIK
POL84,POLLU,RED77
WHE84,UPR74,MASSI
CAN84,WHI73,*
THR84,PGB76,*
BRNCH,*,ROCKY
CAL84,CIN78,LTNIK
THO84,YTA74,YHO76
SCI84,BLO80,*
RED84,REDYE,*
CAP84,SNI77,LTNIK
PRI84,PGB74,*
SOR84,ROW77,NOB78
TRA84,GRC76,NRSWI
WID84,MOW71,*
Y4091,*,*
BAR84,UPR71,BET76
TEL84,PEC81,*
WHS84,BAR79,FLINT
PLU84,DAM78,D0556
BLC84,BLO72,*
TER84,TRN72,FLINT
SMI84,SMILE,*
ALM84,APR75,*
TWI84,BRA79,*
WOO84,HES80,*
BOT84,GL375,TAL75
SLT84,ALM80,D0556
CAR84,COC75,*
QUA84,BR274,*
PEN84,BAR80,MASSI
PEP84,MUS81,*
SME84,TEA78,LTNIK
RHY84,MOS78,SEP77
CFU84,CMO77,LIKEC
SIE84,LIT70,*
VIX84,LTF73,*
RAN84,YTA75,*
TYS84,TOR75,YTA77
WISPS,*,*
TIT84,CLE75,LTNIK
SEP84,CHO73,LIT79
PEC84,SCO76,*
BIL84,WHO79,LTNIK
AGA84,RTH72,*
WEE84,WHE77,TAL75
BCL84,BUC81,FOL77
CHE84,BLT69,TER75
BUC84,BUL73,TER75
WHA84,CUR78,TRN77
BUN84,LAP81,*
VER84,RGR71,YELLO
BIGPA,*,*
AVO84,UPT78,ROCKY
ADZ84,MOY74,*
PLO84,TRN74,RED77
PRY84,WIN71,*
SYL84,SLE77,*
WAX84,WHI76,*
SUL84,TER80,RED77
SAF84,CRT76,*
STU84,STURD,*
UMB84,MEL76,LTNIK
ROS84,PNK78,*
BIS84,CIN76,SEP78
BARBE,*,*
OXL84,PRI79,*
JAN85,PJANE,*
CAP85,SNI77,*
LIB85,LIBRA,*
FEA85,PLO82,TRN77
CUC85,UMB80,*
RAN85,YTA75,*
FAN85,COL80,TAMEG
JEM85,JAN80,*
EXO85,AVO82,*
LUZ85,DOR78,*
BUC85,BUL73,*
LEN85,MOY73,*
BUN85,LAP81,*
M3493,*,*
M3293,*,*
CAR85,COC75,*
WOO85,HES80,*
ROS85,PNK78,*
BUSTE,*,*
FID85,VER78,QUINS
TIG85,OTA80,QUINS
CLM85,CLE74,*
NON85,NOB76,FOL77
SIE85,LIT70,*
PEN85,BAR80,ASP77
SKA85,LIB78,LIKEC
DOR85,YTA72,OTA76
JUG85,BRF79,TOR76
COI85,COINH,*
SIS85,SIC78,*
INI85,VER79,*
CFU85,CMO77,ROCKY
LIM85,POL73,TRN77
WAN85,WAX80,*
PEP85,MUS81,OTA76
TOP85,YEY80,RED77
WIG85,TEA76,LTNIK
WID85,MOW71,ROCKY
BAR85,UPR71,RED77
PET85,FAG79,BET76
MOC85,CHO75,MASSI
PNY85,THR80,*
ATH85,THO81,*
LOG85,BRA77,*
QUA85,BR274,*
LOB85,TOR78,RED77
WHS85,BAR79,RED77
PLU85,DAM78,*
WHO85,MYR74,*
CUR85,UPT74,TRN77
LAP85,MOL75,*
APN85,ASP78,*
SAF85,CRT76,BET76
PGB85,SOB68,*
MUS85,RED74,BRF76
WAX85,WHI76,BRF76
COB85,COL74,*
KIW85,BLO75,KIL76
JOW85,WID79,*
CAN85,WHI73,*
PIB85,PIBRO,*
BRI85,BRA81,*
MOS85,CRT74,*
AQU85,COB80,*
RIMSS,*,*
JOA85,JAN82,*
CAL85,CIN78,TAMEG
SCO85,SCOLL,*
SCI85,BLO80,*
MUR85,COL79,BET76
KIL85,BUL71,*
WEE85,WHE77,MASSI
TUR85,MUS77,OTA76
M3695,*,*
JUN85,BET73,ROCKY
STU85,STURD,*
CLA85,CLE77,LTNIK
BLC85,BLO72,*
MAN85,MOM72,RED77
Y2892,*,*
GRC85,GRE72,TER75
FRE85,THO78,*
NUC85,SCO74,*
Y2592,*,*
CRA85,BIG76,FLINT
SUL85,TER80,RED77
PRI85,PGB74,*
FLA85,UPT79,*
CRE85,CLE76,*
BNY85,BON81,*
AVO85,UPT78,ROCKY
VER85,RGR71,TRN77
Y3691,*,*
MAW85,MOD74,FLINT
MAX85,COL78,TRN77
TER85,TRN72,MEL79
HAR85,MOY76,YTA77
BLO85,BLOSS,*
TEL85,PEC81,*
COP85,COI77,*
PAR85,COW79,*
FIS85,CRA81,RED77
TYS85,TOR75,*
OCC85,CLC80,*
THR85,PGB76,*
Y4990,*,*
CLC85,COL72,OTA76
Y3291,*,*
OCH85,SAF80,LIKEC
MAD85,BOT79,*
PEC85,SCO76,ROCKY
CID85,PRY82,*
ZEB85,ZEBRA,*
OXL85,PRI79,*
OST85,COC76,*
TWI85,BRA79,BRF76
SMI85,SMILE,*
MAC85,YHO74,OTA76
ADZ85,MOY74,TER75
UMB85,MEL76,TRN77
GEM85,POL79,*
BIL85,WHO79,SCO77
OTA85,OTAGG,*
M4094,*,*
BOT85,GL375,*
GAL85,POL77,TAMEG
PRY85,WIN71,*
FIL85,EIF81,*
FUL85,MAW79,MASSI
HIC85,BLT75,TER75
M3894,*,*
PRI86,PGB74,*
LAM86,CMO78,ROCKY
CRA86,BIG76,RED79
DUNST,D0528,*
LOG86,BRA77,*
FOL86,MOD72,RED77
TRA86,GRC76,SEP77
RHY86,MOS78,YELLO
MOO86,MOY82,RED77
PAP86,CAL82,ROCKY
GAL86,POL77,ROCKY
DOD86,IBI83,*
BCL86,BUC81,LTNIK
TOP86,YEY80,*
WAN86,WAX80,BRF76
SUR86,THO82,OTA76
CRY86,CLC79,*
AVO86,UPT78,*
PLO86,TRN74,*
DKP86,DKPTH,*
AGA86,RTH72,*
TRK86,UPT82,*
DUI86,DOR82,*
SUL86,TER80,*
PGB86,SOB68,*
WAX86,WHI76,*
CLC86,COL72,*
FUL86,MAW79,MASSI
LOB86,TOR78,MASSI
CWR86,LIM80,TER75
WHE86,UPR74,*
BUC86,BUL73,LTNIK
CUK86,CLC82,*
LIZ86,LTF77,KIL76
WHA86,CUR78,OTC76
GRIST,*,CPBPT
MEL86,YHO71,OTA76
FLY86,LTF74,MASSI
HES86,CLC75,*
Y1993,*,*
ANK86,KIL82,*
BNY86,BON81,*
NON86,NOB76,YTA77
FAN86,COL80,VER81
LUC86,NUC81,*
LUZ86,DOR78,YELLO
QUA86,BR274,*
Y2392,*,*
TEL86,PEC81,*
VIX86,LTF73,KIL76
COB86,COL74,*
EOL86,CAN80,D0591
FLA86,UPT79,*
JAN86,PJANE,*
SLT86,ALM80,TOR76
ALM86,APR75,*
WOO86,HES80,*
FIL86,EIF81,BRF76
FID86,VER78,SEP77
CLIFF,*,*
FEN86,RED82,BET76
TIB86,BON82,*
PEC86,SCO76,*
INI86,VER79,OTC76
TWI86,BRA79,*
SME86,TEA78,*
PUZ86,*,*
RON86,MAC83,RED79
ILE86,CHE80,LTNIK
Y2493,*,*
TIG86,OTA80,*
DAN86,BUC82,LTNIK
AQU86,COB80,*
PEN86,BAR80,RED77
SAT86,CLM82,*
AMA86,ALM82,*
SPE86,SPEED,*
THO86,YTA74,YELLO
SES86,HAR82,*
PAR86,COW79,*
SEP86,CHO73,*
THR86,PGB76,*
CFI86,CFU82,*
CAN86,WHI73,*
PEP86,MUS81,BRF76
Y3192,*,*
SOR86,ROW77,*
COB87,COL74,*
MEL87,YHO71,AXISS
LIZ87,LTF77,*
COP87,COI77,*
CRA87,BIG76,LIT76
TYS87,TOR75,RED77
CAL87,CIN78,ROCKY
UPROA,*,*
LOG87,BRA77,*
TUR87,MUS77,OTA76
AVO87,UPT78,TEA80
BAN87,FRE83,*
LOB87,TOR78,RED77
BCL87,BUC81,RED79
PTN87,LIM83,CRE80
APN87,ASP78,LIT76
ATH87,THO81,OTA76
TURKS,*,*
AQU87,COB80,*
PLU87,DAM78,*
MAR87,MAW83,FLINT
CCO87,LAM83,D0556
WAN87,WAX80,*
DAN87,BUC82,*
RAI87,SLT84,VIC80
KIW87,BLO75,D0579
CFU87,CMO77,ROCKY
MNX87,FUL83,KIW79
MAD87,BOT79,FLINT
CAN87,WHI73,BRF76
MAC87,YHO74,*
PRI87,PGB74,*
UMB87,MEL76,CPBPT
PNY87,THR80,*
LUZ87,DOR78,*
QUA87,BR274,*
Y3592,*,*
TEL87,PEC81,FORTS
MON87,COI83,*
Y3292,*,*
JAN87,PJANE,*
SES87,HAR82,YTA77
FAD87,CRK83,*
JEM87,JAN80,*
HAL87,TUR83,OTA76
BLOGG,*,*
MUR87,COL79,D0556
SEP87,CHO73,CUR81
ANK87,KIL82,YTA77
JOSHS,*,*
JOW87,WID79,*
JUG87,BRF79,OTA76
CLC87,COL72,BRF76
SOFTS,*,*
MUS87,RED74,OTA76
FAN87,COL80,KIW79
SCI87,BLO80,RED77
OPE87,SKA82,*
PAP87,CAL82,ROCKY
FID87,VER78,RED79
NON87,NOB76,AXISS
BNY87,BON81,*
Y1493,*,*
SMI87,SMILE,*
SME87,TEA78,RED79
FLA87,UPT79,OTA76
SLT87,ALM80,*
PEC87,SCO76,*
PAR87,COW79,*
OCH87,SAF80,BITES
FIE87,SIE82,D0559
FEA87,PLO82,RED77
WOO87,HES80,*
PEL87,MOS83,SCO78
FLO87,COI81,*
SKA87,LIB78,D0579
PEN87,BAR80,RED77
ILE87,CHE80,TER75
SIS87,SIC78,*
INI87,VER79,RED79
THO87,YTA74,BAR82
BLC87,BLO72,*
OAT87,BAR83,RED77
CUK87,CLC82,*
CLA87,CLE77,D0559
FRE87,THO78,BRF76
LAZYS,*,*
BRI87,BRA81,*
CHI87,PGB83,*
WHA87,CUR78,AXISS
SUR87,THO82,VIC80
S1091,*,*
DUN87,WHA83,BITES
WEE87,WHE77,*
CWR87,LIM80,CRE80
TRK87,UPT82,ROCKY
OXL87,PRI79,*
GEM87,POL79,LEN83
PIB87,PIBRO,*
CUC87,UMB80,SEP77
BUC87,BUL73,YTA77
ZEB87,ZEBRA,*
BUCKS,*,*
GAL87,POL77,YTA77
FUL87,MAW79,MEL79
WIG87,TEA76,*
SAT87,CLM82,*
KIP87,WID78,*
MUL87,LOG84,*
STRIK,*,*
TOU87,CAN82,RED79
DUI87,DOR82,BRF76
STRIS,*,*
SAF87,CRT76,*
PET87,FAG79,BITES
TRA87,GRC76,*
ECL87,WAN83,*
WHS87,BAR79,YTA77
WHO87,MYR74,*
SUL87,TER80,RED77
AGA87,RTH72,*
LAM87,CMO78,MUS79
EBO87,PET83,ROCKY
FOL88,MOD72,RED77
SUL88,TER80,SAF82
SWI88,TER83,OTC76
HAL88,TUR83,TOPIS
SOL88,THO84,TOPIS
MEA88,BAR84,*
MAL88,SME84,*
UMB88,MEL76,*
AVO88,UPT78,JACKS
GER88,TWI85,*
DAMON,*,*
CRAGS,*,ROCKY
BLC88,BLO72,*
FLA88,UPT79,*
GEM88,POL79,TIT79
CRB88,MOC84,YTA77
AUR88,CAN83,*
CUC88,UMB80,*
TNY88,TIT84,RHY82
CRY88,CLC79,*
SAM88,CAL84,*
RHY88,MOS78,BRF76
EBO88,PET83,ROCKY
SAF88,CRT76,BRF76
LOB88,TOR78,VER81
CWR88,LIM80,TIT79
FAN88,COL80,FORTS
CUK88,CLC82,*
DIC88,HIC84,YTA77
DIT88,PIB83,*
TRK88,UPT82,JACKS
DKP88,DKPTH,*
LIZ88,LTF77,*
BUC88,BUL73,YTA77
BASIL,*,*
BATTS,*,*
BUN88,LAP81,*
BCL88,BUC81,RHY82
S1692,*,*
LUZ88,DOR78,*
TWI88,BRA79,*
CRL88,CAL85,*
FIL88,EIF81,*
TIB88,BON82,*
FID88,VER78,BITES
OTT88,SCO83,*
INI88,VER79,CRE80
FEA88,PLO82,MEL79
EGR88,IBI84,LEN83
BEE88,PET85,CRE80
SES88,HAR82,CRE80
SCOWL,*,D0559
CAP88,SNI77,ROCKY
JEM88,JAN80,*
LUC88,NUC81,*
JES88,JAN84,BITES
EOL88,CAN80,*
JOA88,JAN82,BIGSG
SEM88,WHE84,*
JUG88,BRF79,*
HIC88,BLT75,YTA77
CRO88,OCH85,SCO78
Y2793,*,*
WOO88,HES80,*
WHS88,BAR79,YTA77
PAP88,CAL82,CRE80
Y1894,*,*
MNX88,FUL83,RED77
MEL88,YHO71,ROCKY
Y2295,*,*
MUR88,COL79,CHE82
PRA88,TER84,*
MUL88,LOG84,*
ALM88,APR75,*
Y1994,*,*
COB88,COL74,*
WIG88,TEA76,OTC76
WHE88,UPR74,*
VIN88,MUS84,TOPIS
PEP88,MUS81,*
WHO88,MYR74,*
CFI88,CFU82,JACKS
PEN88,BAR80,*
PNY88,THR80,*
PET88,FAG79,RHY82
WAX88,WHI76,*
NON88,NOB76,TIT79
WIZZA,*,*
PIS88,ALM84,*
OXL88,PRI79,*
WOD88,CAP84,ROCKY
MOO88,MOY82,RED77
AMA88,ALM82,*
Y1794,*,*
Y1295,*,*
PAR88,COW79,*
OCC88,CLC80,MAC81
PLO88,TRN74,MAD83
BUC89,BUL73,YTA77
TEAKS,*,CROSS
BCL89,BUC81,CUR81
DBL89,*,BAR82
WAN89,WAX80,*
MAGYA,*,*
BLC89,BLO72,*
PEC89,SCO76,BITES
PRA89,TER84,RED77
M438S,*,*
CRN89,TEL86,*
HIC89,BLT75,VER81
KIN89,DKP86,CONFI
SIS89,SIC78,*
NOT89,NOTCH,*
FRE89,THO78,D0580
ILE89,CHE80,TIT79
MAD89,BOT79,*
KIW89,BLO75,MAD83
PID89,LIM85,JACKS
SKA89,LIB78,*
TRK89,UPT82,*
CCO89,LAM83,*
OPE89,SKA82,VIC80
PEL89,MOS83,BRF76
MAC89,YHO74,*
WIL89,FUL85,ASP77
MUL89,LOG84,*
FID89,VER78,JACKS
PAR89,COW79,*
MNX89,FUL83,RED77
DIC89,HIC84,OCH83
CHI89,PGB83,CLM79
S1292,*,*
S0692,*,*
SPE89,SPEED,*
SAF89,CRT76,VIC80
WOO89,HES80,*
S2192,*,*
THO89,YTA74,BRF76
TURPL,*,*
WEE89,WHE77,RED77
OAT89,BAR83,RED77
CAF89,MAX84,BRF76
TUR89,MUS77,*
RHINO,D0530,LIGHT
PIC89,MUS85,CRE80
OCC89,CLC80,*
TWE89,SEP84,LEN83
TIG89,OTA80,ROCKY
ALC89,OCC85,WAVYS
M1797,*,*
CLC89,COL72,*
CFU89,CMO77,CUR81
VIO89,CLA85,D0610
CHP89,BLC83,*
FEN89,RED82,ROCKY
AQU89,COB80,MAC81
HAD89,MAC85,*
OCH89,SAF80,BRF76
DUN89,WHA83,CRE80
TEL89,PEC81,*
APN89,ASP78,JACKS
WHA89,CUR78,ROCKY
CAN89,WHI73,*
LOB89,TOR78,FOL77
DUI89,DOR82,COY76
DEG89,SIS85,*
LUZ89,DOR78,*
PRI89,PGB74,D0580
NAK89,FLA85,*
ANK89,KIL82,TIT79
Y2095,*,*
SES89,HAR82,OCH83
SUN89,RHY86,VIC80
GIN89,JUN85,CRE80
DAN89,BUC82,YTA77
CLA89,CLE77,KIW79
MEA89,BAR84,VER81
AST89,GAL85,AVO84
SHARK,*,*
MUS89,RED74,JACKS
EOL89,CAN80,*
BRI89,BRA81,*
MILDS,*,*
SOL89,THO84,TOPIS
FUL89,MAW79,RED77
PTN89,LIM83,TIT79
MON89,COI83,*
FEA89,PLO82,VER81
TYS89,TOR75,RED77
SUL89,TER80,ASP77
BAN89,FRE83,*
LIZ89,LTF77,D0579
BRG89,MUR85,CRE80
SUR89,THO82,*
FAD89,CRK83,*
OTT89,SCO83,*
JOW89,WID79,ROCKY
KID89,ADZ84,*
NON89,NOB76,*
MAR89,MAW83,RED77
Y2294,*,*
SWI89,TER83,SEP83
PEN89,BAR80,RED77
AVO89,UPT78,KIW79
CFI89,CFU82,CUR81
ZEB89,ZEBRA,*
GAL89,POL77,JACKS
FRO89,BIL84,FOL81
BEE89,PET85,ROCKY
LIMPR,*,*
ATH89,THO81,RHY82
AQU90,COB80,*
FIL90,EIF81,FORTS
PAP90,CAL82,*
JOA90,JAN82,*
S2393,*,*
TEL90,PEC81,FOL81
BRG90,MUR85,CUR81
FAN90,COL80,ROCKY
CWR90,LIM80,VER81
SEM90,WHE84,*
BUS90,PEC86,*
PEC90,SCO76,BITES
HAL90,TUR83,TOPIS
AST90,GAL85,VER81
FIE90,SIE82,SLITS
RHY90,MOS78,FORTS
FLIGH,*,*
PIC90,MUS85,RED79
THR90,PGB76,*
OAT90,BAR83,RED77
MOO90,MOY82,*
WAX90,WHI76,*
FLA90,UPT79,ROCKY
CUC90,UMB80,RED79
WIRES,*,BIGSG
FID90,VER78,RHY82
MNX90,FUL83,MEL79
JEM90,JAN80,*
PEN90,BAR80,TIT79
ANK90,KIL82,VER81
OCC90,CLC80,LUZ82
NAK90,FLA85,*
MEA90,BAR84,TIT79
S1094,*,*
DIC90,HIC84,VER81
CHP90,BLC83,SEP83
JES90,JAN84,*
AVO90,UPT78,RED81
OXL90,PRI79,*
FUL90,MAW79,MEL79
COU90,CUC84,*
OCH90,SAF80,FORTS
GEM90,POL79,SCO81
WAN90,WAX80,TOPIS
PEP90,MUS81,WAVYS
LIZ90,LTF77,SOR84
TWE90,SEP84,*
EGR90,IBI84,VIC80
VIO90,CLA85,RHY82
DAN90,BUC82,VER81
CCO90,LAM83,WAVYS
SKA90,LIB78,*
KID90,ADZ84,*
BEE90,PET85,*
BCL90,BUC81,RED79
MAS90,TUR85,WAVYS
SAM90,CAL84,RED79
INI90,VER79,TEA80
SME90,TEA78,RED79
MAL90,SME84,*
PEREG,D0534,LIGHT
MAR90,MAW83,SKA85
ILE90,CHE80,RHY82
KIT90,TER85,RED77
TOG90,BCL84,RED81
FRE90,THO78,D0563
MUL90,LOG84,*
HIC90,BLT75,VER81
TNY90,TIT84,TRA83
WOD90,CAP84,RED79
FRO90,BIL84,KIW79
BLAST,*,*
BAN90,FRE83,*
CRY90,CLC79,LUZ82
PRI90,PGB74,*
DOO90,NON86,KIW79
LAM90,CMO78,RED81
SAF90,CRT76,CUR81
WHS90,BAR79,VER81
JUG90,BRF79,RED79
HOR90,WID84,*
CRO90,OCH85,RED79
APH90,THO86,WAVYS
JSC90,JAN86,*
SUPPL,*,*
FEN90,RED82,LENOT
LUZ90,DOR78,D0563
CLC90,COL72,*
FEA90,PLO82,RED77
BRE90,BREND,*
SAL90,SIE84,*
KNO90,TRK87,LEN83
GAL90,POL77,CHE82
PTN90,LIM83,RHY82
TOU90,CAN82,*
DIT90,PIB83,*
SUL90,TER80,RED77
HRM90,INI86,LIGHT
CRB90,MOC84,RED77
EBO90,PET83,RHY82
SQUAS,*,D0589
BCL91,BUC81,FOL84
ALC91,OCC85,D0563
ALD91,SUR87,CONFI
PID91,LIM85,SCO81
MOO91,MOY82,RED77
HIC91,BLT75,TIT79
CLT91,CCO87,FAN85
MUL91,LOG84,*
SIS91,SIC78,LEN83
SIL91,TOP86,*
TNY91,TIT84,LEN83
SCA91,LOB86,VER81
INI91,VER79,*
FEA91,PLO82,AVO84
BEE91,PET85,TYS83
AST91,GAL85,SOR84
ION91,AGA84,*
TIG91,OTA80,*
TLW91,CAN87,BITES
ELE91,EOL86,*
MUS91,RED74,*
IVY91,ILE87,CRE80
JUG91,BRF79,LENOT
JAC91,JEM87,*
PEP91,MUS81,FOL84
PEN91,BAR80,RED77
SEM91,WHE84,BAR82
SES91,HAR82,RED79
EOL91,CAN80,KIW85
ANK91,KIL82,SCO81
BRE91,BREND,*
HRM91,INI86,RED79
WAX91,WHI76,*
CUC91,UMB80,LEN83
HOL91,ILE86,TYS83
CHI91,PGB83,*
FERGU,*,*
DUI91,DOR82,D0611
FEN91,RED82,CONFI
WHA91,CUR78,RHY82
DUN91,WHA83,SCO81
APH91,THO86,TOPIS
KIT91,TER85,VER81
CWR91,LIM80,SAF82
TOG91,BCL84,LEN83
TOU91,CAN82,SAF85
KNO91,TRK87,LEN83
WANDS,*,*
TOS91,OPE87,*
SAM91,CAL84,LEN83
WIL91,FUL85,BAR82
PEL91,MOS83,LENOT
EGR91,IBI84,BITES
WOD91,CAP84,CUR81
KIW91,BLO75,SEP83
PIC91,MUS85,SAF85
WHS91,BAR79,VER81
ORP91,CLA87,RED79
FRO91,BIL84,WEE85
CRB91,MOC84,BAR82
MAR91,MAW83,BAR82
DIC91,HIC84,SAF82
VIN91,MUS84,WAX85
LPW91,FEA87,TIT79
FLA91,UPT79,LEN83
ALB91,FUL87,BAR82
TEL91,PEC81,JUG84
SUL91,TER80,KIW79
CAF91,MAX84,CONFI
SYC91,PET87,VER84
SUN91,RHY86,LENOT
MOBYD,*,BRNCH
THR91,PGB76,*
PRI91,PGB74,SAF85
MLR91,JUG87,LENOT
TWE91,SEP84,VIC80
PRA91,TER84,RED77
CRN91,TEL86,*
SRL91,OCH87,LENOT
MAD91,BOT79,BAR82
CCO91,LAM83,BITES
CFI91,CFU82,TYS83
BAN91,FRE83,*
AQU91,COB80,*
M238S,*,*
DAN91,BUC82,CRE80
CGH91,WHA87,CHE82
MAL91,SME84,RED79
LUZ91,DOR78,*
PAP91,CAL82,TYS83
CRC91,TUR87,CONFI
CHP91,BLC83,*
THO91,YTA74,INI85
ARI91,ATH87,CUR81
DIT91,PIB83,OCH83
FUL91,MAW79,CHE82
COU91,CUC84,LEN83
HER91,MAC87,CUR81
WAN91,WAX80,TOPIS
MEA91,BAR84,TYS83
SOL91,THO84,*
ATH91,THO81,CONFI
OXL91,PRI79,*
THS91,PAP87,*
NOT91,NOTCH,*
GEM91,POL79,CHE82
GIN91,JUN85,RHY82
THU91,UMB84,BLC81
AVO91,UPT78,*
SUR91,THO82,BON83
PAR91,COW79,*
SKU91,FUL86,SOR84
SWI91,TER83,RHY82
TOG92,BCL84,BLC81
MEA92,BAR84,SAF82
JES92,JAN84,*
BRUNS,*,*
SAL92,SIE84,*
ILE92,CHE80,VER81
PRM92,PRI89,*
KIT92,TER85,SAF82
PRA92,TER84,CHE82
ALB92,FUL87,VER84
ELE92,EOL86,*
SKA92,LIB78,*
WOD92,CAP84,RHY82
EQU92,INI87,PEC85
PEL92,MOS83,LENOT
SOL92,THO84,CONFI
IND92,HAL87,TOPIS
SAM92,CAL84,AVO84
VIO92,CLA85,CONFI
SWI92,TER83,CHE82
PID92,LIM85,LEN83
NAK92,FLA85,BON83
BAN92,FRE83,*
KIW92,BLO75,SOR84
OXL92,PRI79,*
SEM92,WHE84,VER84
FEA92,PLO82,SAF82
ORP92,CLA87,AVO84
TNG92,FAN88,AVO84
GIN92,JUN85,RHY82
SAU92,OCC89,*
PEN92,BAR80,VER84
KIERA,*,BIGSG
MUS92,RED74,*
BRENT,*,*
IVY92,ILE87,VER81
JUG92,BRF79,PRK83
AVO92,UPT78,FOL84
BRG92,MUR85,AVO84
SUL92,TER80,CHE82
SUR92,THO82,FRE87
SES92,HAR82,SEP83
TAM92,RHY88,*
PTN92,LIM83,VER81
SEY92,SUR89,CRUMP
JOW92,WID79,RHY82
DAN92,BUC82,VER81
CHP92,BLC83,*
JOA92,JOANO,*
KID92,ADZ84,*
FRO92,BIL84,*
MAS92,TUR85,FRE87
FAN92,COL80,AVO84
WIL92,FUL85,BAR82
INI92,VER79,AVO84
OPE92,SKA82,*
SHA92,BCL87,RED81
FEN92,RED82,WAX85
SAF92,CRT76,LENOT
CRY92,CLC79,*
TWE92,SEP84,*
QUN92,CAF89,CROSS
FIL92,EIF81,BRNCH
PEC92,SCO76,RED81
FIE92,SIE82,LENOT
HAL92,TUR83,CROSS
APH92,THO86,LAM86
WHA92,CUR78,LEN83
CFI92,CFU82,BLC81
OAT92,BAR83,TIT79
CRO92,OCH85,LENOT
TUR92,MUS77,TOPIS
MNX92,FUL83,BAR82
AQU92,COB80,*
BUZZA,*,INI85
OCH92,SAF80,LENOT
CHA92,FID86,FOL84
CHI92,PGB83,*
WAX92,WHI76,D0562
POR92,OAT87,FLY86
DIC92,HIC84,VER81
OCC92,CLC80,CHEST
RHY92,MOS78,LENOT
LIZ92,LTF77,*
HIC92,BLT75,VER81
THS92,PAP87,D0589
MLR92,JUG87,*
HRM92,INI86,LEN83
SRL92,OCH87,JUG85
BUS92,PEC86,TYS83
DOC92,HIC88,OCH83
TIG92,OTA80,LEN83
WHS92,BAR79,OCH83
CWR92,LIM80,OCH83
CRS92,CHI89,D0592
DIT92,PIB83,MAD83
ANK92,KIL82,VER81
EBO92,PET83,AVO84
TLW93,CAN87,D0581
GEC93,LIZ86,*
THS93,PAP87,JUG85
PRS93,ATH89,*
MOO93,MOY82,*
CLT93,CCO87,CRUMP
BRI93,EOL89,*
CSK93,ANK89,JUG85
CUC93,UMB80,*
CAF93,MAX84,JUG85
APH93,THO86,D0581
HOL93,ILE86,AVO84
SWEPB,*,*
SYC93,PET87,CRUMP
LPW93,FEA87,CRUMP
VIN93,MUS84,D0562
AST93,GAL85,RHY84
CCO93,LAM83,BIL85
BERTI,*,INI85
BNX93,FUL89,SAF82
BCL93,BUC81,FLY86
HER93,MAC87,CRUMP
ALD93,SUR87,LAM86
COQ93,FIL90,*
FIN93,FEN89,*
FAN93,COL80,CRUMP
GIN93,JUN85,JUG85
SEE93,SES89,CRUMP
NAI93,NAK89,*
FDL93,VIO89,INI85
BEE93,PET85,CRUMP
FUL93,MAW79,CHE82
PIC93,MUS85,CRUMP
JOW93,WID79,CRUMP
DOC93,HIC88,VER81
SOL93,THO84,LENNY
PEP93,MUS81,D0612
FLA93,UPT79,CROSS
PTL93,MNX89,FLY86
SUN93,RHY86,CROSS
PEC93,SCO76,*
PTN93,LIM83,VER81
SKU93,FUL86,SAF82
CASTL,D0535,PEP85
TNY93,TIT84,CRUMP
HRM93,INI86,CRUMP
CLO93,HIC89,JUG85
DAN93,BUC82,FLY86
CGH93,WHA87,CRUMP
TAM93,RHY88,CROSS
TIG93,OTA80,FOL84
CRB93,MOC84,*
MUL93,LOG84,*
FRI93,FRE89,*
KITES,*,ANK87
HAL93,TUR83,LENNY
MAL93,SME84,CRUMP
BAN93,FRE83,*
DUN93,WHA83,SUR86
FEA93,PLO82,*
STO93,WHA89,CRUMP
ARI93,ATH87,LENNY
KNO93,TRK87,*
DIC93,HIC84,SCO81
STI93,AVO89,WIG85
TOS93,OPE87,*
FHUAR,*,*
TALON,*,*
GRA93,FAN90,CRUMP
TWE93,SEP84,JUG85
FRO93,BIL84,CROSS
EGR93,IBI84,CRUMP
ALB93,FUL87,CHE82
SCA93,LOB86,VER84
MAR93,MAW83,SAF82
SUR94,THO82,LENNY
CLT94,CCO87,WEE85
TATTI,*,*
SKI94,OAT90,CUR85
SES94,HAR82,FLY86
HER94,MAC87,*
SOL94,THO84,CONFI
WOD94,CAP84,AVO84
THU94,UMB84,AVO84
FUL94,MAW79,SOR84
GEM94,POL79,OCH83
SKU94,FUL86,SKA85
HRM94,INI86,TYS83
ALB94,FUL87,FIL86
FEA94,PLO82,CUR85
FOU94,SUL90,SOR84
STA94,GAL89,OCH83
TIG94,OTA80,*
SMONG,*,*
PAP94,CAL82,*
CHP94,BLC83,PEP85
HAW94,SUR91,SUR86
STO94,WHA89,AVO84
SHTNK,*,*
HOL94,ILE86,OCH83
BRE94,BREND,*
OAT94,BAR83,SKA85
FRO94,BIL84,*
TGR94,OTT89,*
IVO94,EBO90,TYS83
FDL94,VIO89,LENOT
SUL94,TER80,EGR88
CLO94,HIC89,JUG85
ALD94,SUR87,SAF85
BNX94,FUL89,VER84
FRA94,PEN90,CROSS
FIN94,FEN89,*
GRA94,FAN90,D0575
STI94,AVO89,FOL84
TAM94,RHY88,GRIST
OCH94,SAF80,CROSS
SYC94,PET87,AVO84
IVY94,ILE87,OCH83
BIGGL,*,*
FAN94,COL80,CROSS
SUN94,RHY86,SAF88
HAL94,TUR83,LENNY
GOD94,AVO90,CROSS
FOP94,DAN90,JUG85
GIN94,JUN85,JUG85
PPK94,PEP90,LENNY
MEA94,BAR84,CUR85
ARI94,ATH87,D0557
TWE94,SEP84,PEP85
PTL94,MNX89,FIL86
ATH94,THO81,SAF88
SAU94,OCC89,*
RUINS,*,*
PIC94,MUS85,CONFI
DPU94,DBL89,DSA97
DUN94,WHA83,CROSS
KKONG,*,D0588
COU94,CUC84,CONFI
PEP94,MUS81,LENNY
BEE94,PET85,LENOT
MAS94,TUR85,LENNY
VAL94,VALEN,*
CCO94,LAM83,*
TNG94,FAN88,CROSS
CSK94,ANK89,OCH83
TWITE,*,*
TNY94,TIT84,JUG85
MERLI,*,*
CHI94,PGB83,*
CGH94,WHA87,TYS83
CRB94,MOC84,*
PHL94,PID89,TYS83
MAR94,MAW83,*
QUN94,CAF89,HAL88
PTN94,LIM83,OCH83
KNO94,TRK87,D0560
COQ94,FIL90,*
BCL94,BUC81,FOL84
CUC94,UMB80,FLY86
SANTR,*,*
TRT94,OCH90,AVO84
MOPRX,WID79,OAT89
CFI94,CFU82,FOL84
SAM94,CAL84,AVO84
SANDY,PEN89,D0588
VEN94,APH91,SAF85
CRS94,CHI89,*
EGR94,IBI84,GRIST
RAVEN,*,*
CEL94,AST90,CHE82
JOA94,JOANO,*
BRN94,WHS90,*
JEE94,HAL90,TYS83
MAT94,MAR89,*
POPEY,*,*
PIP94,TEL90,*
DOC94,HIC88,OCH83
AST94,GAL85,CHE82
DAN94,BUC82,OCH83
NAI94,NAK89,*
LPW94,FEA87,CUR85
SEM94,WHE84,CUR85
BRG94,MUR85,KIW89
APH94,THO86,D0560
DIC94,HIC84,OCH83
PID94,LIM85,AVO84
TKN94,NAK90,BRNCH
TWST2,*,*
WILDS,*,*
MOO94,MOY82,FIL86
VIO94,CLA85,FLY86
CSK95,ANK89,TYS83
ORC95,CRO90,INI85
CEL95,AST90,CHE82
BNX95,FUL89,CUR85
HER95,MAC87,*
CAF95,MAX84,*
HOL95,ILE86,*
MAS95,TUR85,SAF85
TRT95,OCH90,D0540
MORCA,*,*
CUM95,CRC91,D0561
DIL95,FEN90,*
CEDRI,*,FAN85
TUS95,JUG91,GRIST
PHL95,PID89,TYS83
GIN95,JUN85,LENOT
MAR95,MAW83,SLT86
SYC95,PET87,AVO84
WAG95,LPW91,FIL86
CURIS,*,*
BOARR,*,*
CHU95,PIC91,TIG89
DUMPY,*,*
STR95,MNX90,SLT86
COO95,ANK91,TYS83
AQU95,COB80,*
TEN95,WID85,*
WAVES,*,*
MAL95,SME84,FOL84
PTL95,MNX89,FIL86
VNG95,VIN91,TEL87
HARRY,*,*
THS95,PAP87,SOL89
CHI95,PGB83,*
MIC95,MICHE,*
PID95,LIM85,TYS83
FRO95,BIL84,TYS83
HARRI,*,*
DSA98,MOPRC,D0618
ALD95,SUR87,D0550
DIC95,HIC84,TYS83
HAL95,TUR83,TIG89
DPU95,DBL89,SCI87
LPW95,FEA87,*
TGR95,OTT89,*
BOOMG,*,*
CRS95,CHI89,*
DOC95,HIC88,TYS83
OAT95,BAR83,FIL86
MOO95,MOY82,SEP83
ZAN95,ALD91,TIG89
APH95,THO86,D0569
SWA95,SWI88,AVO84
ALB95,FUL87,FIL86
IVY95,ILE87,JUG85
BRG95,MUR85,SAF85
FOU95,SUL90,FIL86
TKN95,NAK90,*
VIO95,CLA85,LENOT
GEC95,LIZ86,SCI87
TIG95,OTA80,*
ZUC95,CUC91,AVO84
AST95,GAL85,CRAGS
CLSBY,*,*
TNG95,FAN88,D0540
OXA95,SRL91,BRNCH
TREVO,*,*
PEP95,MUS81,TURKS
PERCY,MOPRC,PEC85
TWE95,SEP84,*
SCA95,LOB86,SOL89
BRIAN,*,*
SEQ95,SYC91,AVO84
COQ95,FIL90,D0561
TIN95,THU91,LENOT
JEE95,HAL90,D0550
VIN95,MUS84,D0569
STI95,AVO89,WEE85
DAN95,BUC82,CHE82
WISEE,*,*
CRB95,MOC84,CUR85
GRA95,FAN90,RHY82
STA95,GAL89,FOL84
WINDY,*,*
NAI95,NAK89,*
TAM95,RHY88,BRNCH
CLT95,CCO87,WEE85
SEM95,WHE84,SKA85
SEE95,SES89,AVO84
FAN95,COL80,AVO84
FRA95,PEN90,CRAGS
PRS95,ATH89,SAF85
GOD95,AVO90,LAM86
FOP95,DAN90,*
KNO95,TRK87,WEE85
SUR95,THO82,SAF89
PTN95,LIM83,TYS83
CCO95,LAM83,WEE85
FIN95,FEN89,D0561
SQU95,EGR91,*
SKU95,FUL86,SKA85
SAL95,SIE84,*
SAM95,CAL84,*
VEN95,APH91,*
EGR95,IBI84,INI85
FEA95,PLO82,SLT86
HRM95,INI86,LENOT
CLO95,HIC89,OCH83
WOD95,CAP84,TYS83
MGN95,AQU91,*
MLR95,JUG87,*
CGH95,WHA87,WEE85
SKI95,OAT90,FIL86
BLF95,BLUFF,D0540
BCL95,BUC81,WEE85
COU95,CUC84,TIG89
MUD95,BRE91,*
SAU95,OCC89,*
KIT95,TER85,SLT86
AUGUS,*,*
FLG95,ANK90,TYS83
DAN96,BUC82,WEE85
MAS96,TUR85,*
GRA96,FAN90,INI85
MAR96,MAW83,PEP85
PPK96,PEP90,TURKS
CRD96,FIN93,FEA90
CAF96,MAX84,TIG89
FLG96,ANK90,*
STR96,MNX90,PEP85
STO96,WHA89,INI85
FRO96,BIL84,EGR88
AQU96,COB80,*
OCH96,SAF80,INI85
TEN96,WID85,*
VIO96,CLA85,TURKS
MLR96,JUG87,CONFI
GOD96,AVO90,AVO84
FRA96,PEN90,JUG85
HAL96,TUR83,TURKS
DIC96,HIC84,SLT86
TUS96,JUG91,BRNCH
STI96,AVO89,TYS89
HAW96,SUR91,*
DIA96,APH93,*
PTN96,LIM83,*
CRB96,MOC84,PEP85
TAA96,ALB93,*
FOP96,DAN90,*
QUN96,CAF89,D0540
TOS96,OPE87,EGR88
KIT96,TER85,FIL86
BCL96,BUC81,TYS89
EGR96,IBI84,VIN88
SKU96,FUL86,*
MUD96,BRE91,*
FEA96,PLO82,PEP85
VEN96,APH91,*
TRT96,OCH90,TIG89
HRM96,INI86,INI85
PRT96,ORP92,INI85
COU96,CUC84,INI85
NEP96,IND92,TYS89
PTL96,MNX89,MEL86
MGN96,AQU91,*
WAG96,LPW91,FIL86
PHL96,PID89,LENOT
GIN96,JUN85,LENOT
ZAN96,ALD91,*
KNO96,TRK87,*
IVY96,ILE87,SLT86
COQ96,FIL90,*
ZUC96,CUC91,LENOT
JEE96,HAL90,FEN91
SEQ96,SYC91,OAT89
NAI96,NAK89,*
CLT96,CCO87,MOO86
SEE96,SES89,FIL86
FAN96,COL80,INI85
SAU96,OCC89,*
SWA96,SWI88,*
TNY96,TIT84,*
BRG96,MUR85,TURKS
FDL96,VIO89,INI85
IVO96,EBO90,INI85
TNG96,FAN88,*
BEE96,PET85,AVO84
CLO96,HIC89,SLT86
OXA96,SRL91,D0574
WOD96,CAP84,SEP83
TIG96,OTA80,*
COO96,ANK91,TYS83
THU96,UMB84,TIG89
APH96,THO86,LENNY
MOO96,MOY82,SOR84
PID96,LIM85,LENOT
BUT96,BCL93,ANK87
ALD96,SUR87,VIN88
THS96,PAP87,LENOT
CEE96,BUS92,*
CHL96,PEP91,*
PIP96,TEL90,*
HER96,MAC87,*
MAU96,SEY92,*
BNX96,FUL89,PEP85
DOC96,HIC88,SLT86
SOL96,THO84,LENNY
MAT96,MAR89,FIL86
SUL96,TER80,TWE89
DPU96,DBL89,*
SUN96,RHY86,AVO84
SYC96,PET87,AVO84
ARI96,ATH87,TURKS
PIC96,MUS85,TURKS
BULBY,D0538,D0618
CSK96,ANK89,SLT86
CHI96,PGB83,*
MAY96,VIN93,LENNY
DIL96,FEN90,*
FIN96,FEN89,*
MAS97,TUR85,TURKS
SYC97,PET87,BASIL
STR97,MNX90,SCI87
OVA97,CAF93,*
CRB97,MOC84,TYS89
CHU97,PIC91,LAM86
AST97,GAL85,*
PRS97,ATH89,D0613
GAN97,SUL94,SLT86
PTL97,MNX89,SCI87
BAC97,PTN93,SKA85
CPS97,PEP93,D0557
ARI97,ATH87,SAF88
MAR97,MAW83,DUN89
CEE97,BUS92,*
COO97,ANK91,SLT86
SUR97,THO82,SAF88
PRT97,ORP92,INI85
CCO97,LAM83,TAM94
ORC97,CRO90,TURKS
STO97,WHA89,INI85
GOD97,AVO90,INI85
OXA97,SRL91,ATH91
TAA97,ALB93,*
AIDAN,MOPRC,*
CEL97,AST90,SKA85
GEC97,LIZ86,FUL90
MDL97,FAN93,FLY86
NIGEL,*,TYS83
HRM97,INI86,TIG89
CLW97,STI94,SCOWL
ANT97,COQ94,ATH91
NEP97,IND92,TIG89
MRY97,MAR93,SCI87
HON97,SUN93,TURKS
CUM97,CRC91,SAF88
HOL97,ILE86,WOD90
PHL97,PID89,DUNST
PIL97,HER93,*
CSK97,ANK89,SLT86
SKU97,FUL86,SCI87
TRT97,OCH90,TIG89
MODNP,*,PEREG
HIR97,FUL93,*
GRA97,FAN90,INI85
TRU97,TRUFF,*
DPU97,DBL89,*
DOT97,LPW93,FLY86
PID97,LIM85,TWE89
DONAL,*,*
CST97,CASTL,*
CLO97,HIC89,*
TIN97,THU91,D0575
SEQ97,SYC91,BASIL
CLU97,FRO93,*
CLT97,CCO87,BASIL
NAI97,NAK89,*
IVY97,ILE87,TWE89
TKN97,NAK90,*
FDL97,VIO89,D0574
IVO97,EBO90,BASIL
KNO97,TRK87,*
TNG97,FAN88,TURKS
FEA97,PLO82,SLT86
PEP97,MUS81,*
SCA97,LOB86,*
PERRN,JOW93,SCOWL
SAX97,TAM93,TURKS
KIT97,TER85,FIL86
EID97,MAL93,OAT89
SKI97,OAT90,FIL86
SAM97,CAL84,FLY86
HUMPY,*,*
FIN97,FEN89,D0550
SCR97,GRA93,AST91
VIRTU,*,*
ALB97,FUL87,PEP85
PPK97,PEP90,*
POM97,BNX93,SCI87
VIO97,CLA85,JOW89
BIE97,CFI94,WOD90
LPW97,FEA87,TYS83
SQU97,EGR91,AST91
TGR97,OTT89,*
FOP97,DAN90,SLT86
STA97,GAL89,BASIL
QUN97,CAF89,TURKS
CGH97,WHA87,INI85
SPI97,HAL94,*
HAGRI,*,*
SPL97,SAM94,DUNST
RAP97,THU94,BASIL
TUS97,JUG91,JOW89
HAW97,SUR91,*
DAN97,BUC82,SLT86
HER97,MAC87,*
PIP97,TEL90,*
MLN97,BEE93,D0540
LMS97,GOD94,GRIST
BNX97,FUL89,SCI87
ETN97,ALD94,JUG85
DOC97,HIC88,*
DIL97,FEN90,*
FLG97,ANK90,SLT86
VIN97,MUS84,D0557
FOU97,SUL90,SKA85
WAG97,LPW91,CRAGS
FOP98,DAN90,LIZ89
FRA98,PEN90,SCI87
TNY98,TIT84,INI85
TIK98,HAL95,TEAKS
WILTS,*,JOW89
FAL98,CHP94,*
TIN98,THU91,BASIL
TKN98,NAK90,*
ZUC98,CUC91,TURKS
WAD98,WOD94,*
THS98,PAP87,BASIL
DPU98,DBL89,*
APH98,THO86,D0557
WAG98,LPW91,EGR88
DIL98,FEN90,*
BAC98,PTN93,SLT86
ALD98,SUR87,BASIL
FIJ98,ALD95,AST91
FLG98,ANK90,LIZ89
FEA98,PLO82,EGR88
ZAN98,ALD91,PEREG
FRO98,BIL84,BASIL
WOD98,CAP84,BASIL
SYC98,PET87,SUR86
DIC98,HIC84,SLT86
WHZ98,CGH94,PEREG
TGR98,OTT89,*
TOS98,OPE87,OCH92
DOC98,HIC88,TYS89
DIA98,APH93,*
TRT98,OCH90,TURKS
TAA98,ALB93,SCI87
TRI98,FEA94,AST91
STE98,CEL95,*
SQU98,EGR91,*
PNT98,MOO94,TWE89
SOL98,THO84,HRM90
PRN98,OXA95,D0593
KAR98,TKN94,*
BUT98,BCL93,TURKS
STA98,GAL89,*
BNX98,FUL89,SCI87
BREAK,*,*
PIL98,HER93,CRY90
JEE98,HAL90,SAF88
CUM98,CRC91,D0549
NET98,DOC94,TYS89
GRA98,FAN90,TURKS
HAL98,TUR83,SAF88
HIR98,FUL93,TYS89
MEG98,MAR95,DUN89
GOD98,AVO90,BASIL
PRS98,ATH89,HRM90
RAP98,THU94,WOD90
PIP98,TEL90,FAN85
CAF98,MAX84,D0594
SPL98,SAM94,SQUAS
SPD98,KNO95,FLA93
IVY98,ILE87,FUL90
NAI98,NAK89,*
CHI98,PGB83,*
MND98,FDL94,*
MLR98,JUG87,OPE89
MLN98,BEE93,*
ROM98,TIN95,JOW89
BRG98,MUR85,D0557
OCH98,SAF80,TURKS
SEQ98,SYC91,TURKS
NYM98,APH95,D0614
CSK98,ANK89,SLT86
HRM98,INI86,OAT89
HEB98,BEE94,PEC89
BNN98,OAT94,FUL90
CHL98,PEP91,D0594
COO98,ANK91,FUL90
IVO98,EBO90,TEAKS
MUD98,BRE91,*
LMS98,GOD94,JOW89
LPW98,FEA87,SCI87
MRN98,ALB94,BASIL
SAX98,TAM93,RHINO
MDL98,FAN93,RHINO
CEE98,BUS92,D0549
PIC98,MUS85,SAF88
SLO98,GIN93,BASIL
SCA98,LOB86,AST91
CLT98,CCO87,BCL90
STI98,AVO89,SCOWL
STUAR,*,D0577
SAM98,CAL84,BCL90
GIN98,JUN85,*
PHL98,PID89,TYS89
SUT98,TWE93,WIRES
MAT98,MAR89,SCI87
MAU98,SEY92,*
SWA98,SWI88,INI85
PTL98,MNX89,EGR88
SAU98,OCC89,*
GAN98,SUL94,SKA85
OVA98,CAF93,TEAKS
SUN98,RHY86,TURKS
STO98,WHA89,BASIL
QUN98,CAF89,SAF88
NEP98,IND92,DUNST
ORC98,CRO90,TEAKS
MAL98,SME84,INI85
CLW98,STI94,*
MRY98,MAR93,FLA90
SKI98,OAT90,*
IVY99,ILE87,SLT86
SAU99,OCC89,*
BRS99,SKI94,ATH91
CSK99,ANK89,SLT86
KIV99,NAI96,*
HIR99,FUL93,KIERA
FDL99,VIO89,BASIL
TNY99,TIT84,*
KNO99,TRK87,JUG90
HRM99,INI86,BASIL
CGH99,WHA87,BASIL
SLA99,GEC95,*
HORAC,*,*
FEA99,PLO82,*
TKN99,NAK90,DIC90
SCR99,GRA93,BASIL
MNT99,SUR95,SAF88
PIL99,HER93,ALC91
SAG99,SEM95,SCI87
NEP99,IND92,*
PEP99,MUS81,MOBYD
BNX99,FUL89,SCI87
NET99,DOC94,CSK93
APH99,THO86,CCO93
PID99,LIM85,BASIL
SAM99,CAL84,*
LAR99,KIT95,SCI87
MOU99,DIC94,SLT86
SLO99,GIN93,BASIL
SCA99,LOB86,*
WAL99,DIC95,TYS89
FIN99,FEN89,*
POM99,BNX93,WIRES
CNM99,CRD96,EGR88
SAX99,TAM93,D0549
RUM99,STI96,BCL90
HON99,SUN93,TURKS
TNG99,FAN88,TURKS
ALD99,SUR87,SAF88
BNN99,OAT94,EGR88
WSD99,MLR96,*
IVO99,EBO90,BASIL
SKU99,FUL86,WIRES
WAG99,LPW91,EGR88
TUS99,JUG91,BRNCH
CRM99,OCH96,*
PRT99,ORP92,*
CLW99,STI94,SQUAS
STO99,WHA89,BASIL
ORC99,CRO90,JOW89
QUN99,CAF89,TURKS
CPS99,PEP93,ALC91
STI99,AVO89,ATH91
OXA99,SRL91,SAF88
OPA99,STO96,BASIL
PRS99,ATH89,AST91
GOD99,AVO90,BASIL
HAL99,TUR83,TNY93
REE99,KNO94,*
MRN99,ALB94,SCI87
STK99,SQU95,*
MAS99,TUR85,SAF88
BAC99,PTN93,PTL93
MST99,IVY95,JOW89
GAN99,SUL94,EGR88
GEC99,LIZ86,*
FAL99,CHP94,TWE89
CPP99,CAF96,*
MDL99,FAN93,D0549
SUR99,THO82,HRM90
ZAN99,ALD91,CHP90
SER99,HRM95,PEREG
CRD99,FIN93,*
DAN99,BUC82,*
CED99,SEQ95,D0577
MRY99,MAR93,KIERA
FRT99,BUT96,ATH91
LPW99,FEA87,EGR88
SUT99,TWE93,*
VIO99,CLA85,BASIL
COO99,ANK91,TYS89
CHL99,PEP91,*
SEQ99,SYC91,PEC90
FLR99,SAM95,*
CEL99,AST90,JOW89
VIN99,MUS84,HRM90
GRA99,FAN90,BASIL
DOC99,HIC88,SLT86
KLD99,BNX94,SCI87
SPI99,HAL94,SAF88
MUF99,DIC96,LIZ89
MND99,FDL94,DSA99
DOW99,FEA95,*
HAW99,SUR91,D0577
SPD99,KNO95,*
SPL99,SAM94,PEREG
JEE99,HAL90,EGR93
DIC99,HIC84,TYS89
MEG99,MAR95,KIERA
SHI99,GRA95,PEREG
PRN99,OXA95,VIN88
FOU99,SUL90,SCI87
YEW99,HOL94,BASIL
BUT99,BCL93,FLA93
BIE99,CFI94,JUG90
MUD99,BRE91,*
DIL99,FEN90,SAF88
CEE99,BUS92,*
LMS99,GOD94,HER91
FOP99,DAN90,CSK93
ART99,ARI96,HRM90
ARI99,ATH87,HRM90
JEE00,HAL90,D0549
SCR00,GRA93,BASIL
KAR00,TKN94,*
ETN00,ALD94,*
WHZ00,CGH94,BASIL
SAX00,TAM93,OPE89
REE00,KNO94,*
CGH00,WHA87,AST91
BUT00,BCL93,HER91
GAN00,SUL94,KIERA
MLN00,BEE93,ATH91
LMS00,GOD94,OAT89
DOC00,HIC88,LIZ89
ART00,ARI96,SAF88
RIB00,BCL96,OAT89
PRO00,PRS97,*
LIL00,THU96,PEREG
LPW00,FEA87,EGR88
TIN00,THU91,PEREG
RAP00,THU94,MOBYD
QUN00,CAF89,BASIL
MEG00,MAR95,BUZZA
CEE00,BUS92,*
CED00,SEQ95,CSK95
PTL00,MNX89,BUZZA
MAU00,SEY92,*
CPS00,PEP93,ATH91
UHA00,*,BRG90
PROXY,MOPRX,D0545
SAFIO,*,*
BEA00,MOO96,OCH92
MOU00,DIC94,CRAGS
SAO00,TOS96,*
TOO00,TUS96,VIN88
PIC00,MUS85,CHP90
KLD00,BNX94,SCI87
MORRI,*,*
KNO00,TRK87,*
TOS00,OPE87,*
DOT00,LPW93,*
SAG00,SEM95,SCI87
SAU00,OCC89,*
WAL00,DIC95,SLT86
CUM00,CRC91,TOU91
TRT00,OCH90,RHINO
WAD00,WOD94,*
RUM00,STI96,BCL90
DSA07,*,DIC90
DRN00,DORNY,*
RUF00,GOD97,AST91
TSL00,THS96,MOBYD
LAC00,BCL95,RHINO
FLG00,ANK90,PIC90
HON00,SUN93,RHINO
SPD00,KNO95,FAN85
ZUC00,CUC91,BASIL
HEL00,ORC95,MOBYD
YOS00,SEQ96,PEREG
SPI00,HAL94,RHINO
FRT00,BUT96,HER91
BILLY,*,*
PAN00,PID95,OAT89
STA00,GAL89,PEREG
SLA00,GEC95,OCH92
STR00,MNX90,SCI87
HAW00,SUR91,CHP90
IVY00,ILE87,*
CLT00,CCO87,PTL93
WRE00,WAG96,AST91
HRN00,EGR96,*
HRM00,INI86,TYS89
CLW00,STI94,SCOWL
HEB00,BEE94,VIN88
SLO00,GIN93,PEREG
FRA00,PEN90,KIERA
OXY00,DOC96,SLT86
BNN00,OAT94,CRAGS
BIE00,CFI94,BCL90
ZIR00,PHL96,*
TIK00,HAL95,PEREG
JAY00,CGH95,*
SYC00,PET87,BASIL
SQU00,EGR91,MOBYD
CHL00,PEP91,*
BORIS,*,*
ANT00,COQ94,OAT89
JAE00,BNX95,BUZZA
MUD00,BRE91,*
OVA00,CAF93,TOU91
GRA00,FAN90,BASIL
HOL00,ILE86,SLT86
FOU00,SUL90,CRAGS
APH00,THO86,RHINO
GOD00,AVO90,OAT89
FDL00,VIO89,HER91
WSD00,MLR96,VIN88
YOS01,SEQ96,ATH91
LAR01,KIT95,TYS89
THS01,PAP87,*
PAN01,PID95,TNY94
RUM01,STI96,SHTNK
HED01,IVY97,TYS89
WAG01,LPW91,EGR88
WAL01,DIC95,TNY94
CLL01,VIO96,D0595
HIA01,PID97,TYS89
TRI01,FEA94,AST91
LPW01,FEA87,*
GRA01,FAN90,TYS89
NIV01,SAX97,TAM94
HEL01,ORC95,D0607
POM01,BNX93,BUZZA
REE01,KNO94,*
CSK01,ANK89,TNY94
LPA01,LMS97,*
ALD01,SUR87,TOU91
BUT01,BCL93,PEREG
CEL01,AST90,D0616
ROGER,*,ATH91
OPA01,STO96,PEREG
PRN01,OXA95,CHP90
FNY01,FOP97,TNY94
SPL01,SAM94,PEC90
SQU01,EGR91,PEC90
RMX01,DOC97,TNY94
LMS01,GOD94,D0546
FOP01,DAN90,TNY94
CHN01,TRT97,MOBYD
DMS01,NYM98,*
SKU01,FUL86,BUZZA
DIL01,FEN90,D0566
TUS01,JUG91,CHP90
MNT01,SUR95,TOU91
FRA01,PEN90,SCI87
FAL01,CHP94,SANDY
SER01,HRM95,TNY94
MNS01,STR96,OCH92
TUFTY,BLF95,D0615
SPD01,KNO95,D0615
BNN01,OAT94,EGR88
COF01,OVA97,PIC94
DOW01,FEA95,*
ARI01,ATH87,PIC94
YEW01,HOL94,*
SPI01,HAL94,CCO93
FOU01,SUL90,SCI87
STK01,SQU95,HRM90
BIT01,SQU97,D0587
ENGLE,*,*
MOU01,DIC94,*
CRM01,OCH96,CHP90
OXY01,DOC96,TNY94
MDL01,FAN93,WOD90
SLO01,GIN93,AST91
CCA01,QUN97,MOBYD
CEE01,BUS92,*
HIR01,FUL93,DPU94
TIK01,HAL95,HAL88
HOC01,HOL97,TNY94
HRN01,EGR96,HRM90
SHL01,GRA96,D0549
DANDP,MODNP,BERTI
CLW01,STI94,*
BRS01,SKI94,*
MRN01,ALB94,BUZZA
PUF01,POM97,SANDY
SCR01,GRA93,HRM90
CRD01,FIN93,*
SEQ01,SYC91,MOBYD
IVO01,EBO90,PEREG
MOZ01,BIE97,*
CMR01,CLT97,SQUAS
ZUC01,CUC91,ATH91
WIS01,CRB95,OCH92
IVY01,ILE87,TNY94
SWA01,SWI88,*
MAU01,SEY92,*
YYURI,*,*
GAN01,SUL94,CSK93
JAY01,CGH95,AST91
CHF01,WAG95,PEREG
DOC01,HIC88,TNY94
TWA01,ORC97,D0587
BNJ01,FDL96,ATH91
STO01,WHA89,HER91
ORG01,CUM98,D0596
JEE01,HAL90,*
NET01,DOC94,TNY94
OXA01,SRL91,CCO93
KNO01,TRK87,*
TIC01,CLO96,TNY94
MED01,APH98,*
SAO01,TOS96,*
BIE01,CFI94,SHTNK
MUD01,BRE91,*
EID01,MAL93,AST91
CASPR,*,*
KLD01,BNX94,SCI87
MAV01,ANT97,D0607
NEB01,STA97,TNY94
ETN01,ALD94,D0566
GANDA,*,*
PCL02,PIC98,CHP90
NUT02,TOS98,TAM94
OVA02,CAF93,MAS95
PTL02,MNX89,SOL94
SWA02,SWI88,BUZZA
STI02,AVO89,FRO95
GOD02,AVO90,KKONG
RBY02,STO98,HER91
RAP02,THU94,MOBYD
GOB02,CSK98,OCH92
REE02,KNO94,*
LTE02,CAF98,D0566
MEG02,MAR95,SEE95
OXA02,SRL91,*
CAY02,CPS97,D0566
RIB02,BCL96,D0565
FRT02,BUT96,BASIL
MDR02,TIK98,AST95
PAN02,PID95,OCH92
LPA02,LMS97,BASIL
PTA02,PRS98,*
DIL02,FEN90,D0573
SYC02,PET87,BERTI
CED02,SEQ95,BERTI
GRA02,FAN90,D0565
NEC02,SPL98,TNY94
BRS02,SKI94,CSK93
MOU02,DIC94,EGR95
BEA02,MOO96,*
SAO02,TOS96,FIN95
BIE02,CFI94,SHTNK
KLD02,BNX94,*
WAL02,DIC95,OCH92
HON02,SUN93,CHP90
WDY02,OXA99,CHP90
KNO02,TRK87,*
NIV02,SAX97,CHP90
BSY02,MLN97,KKONG
LAC02,BCL95,GOD95
CLL02,VIO96,HER91
LAR02,KIT95,CSK93
AND02,ARI99,*
KAR02,TKN94,D0545
TIN02,THU91,TNY94
WHZ02,CGH94,KKONG
MRY02,MAR93,BUZZA
BUT02,BCL93,SHTNK
JAE02,BNX95,SANDY
SHN02,HEB98,D0544
KIT02,TER85,CSK93
MOZ02,BIE97,SHTNK
CLW02,STI94,*
BRAVO,*,*
CND02,TIN98,D0565
WIS02,CRB95,*
BROWN,*,*
SLA02,GEC95,*
ANM02,BAC98,EGR93
NET02,DOC94,OCH92
CMR02,CLT97,SHTNK
CHL02,PEP91,D0565
ARD02,ALD98,D0544
DOT02,LPW93,KKONG
WSD02,MLR96,*
TERRY,*,*
TSL02,THS96,D0565
RUF02,GOD97,FRO95
SPL02,SAM94,*
ROM02,TIN95,KKONG
MLN02,BEE93,D0565
DOW02,FEA95,*
BNN02,OAT94,CSK93
LIL02,THU96,OVA98
WAG02,LPW91,*
TRT02,OCH90,KKONG
DOC02,HIC88,*
PRC02,TRT98,KKONG
CUM02,CRC91,QUN94
SPOOK,*,*
MND03,FDL94,D0545
WHZ03,CGH94,MOBYD
WIS03,CRB95,DPU94
BAC03,PTN93,TYS89
OPA03,STO96,ATH91
CND03,TIN98,MOBYD
MOZ03,BIE97,PERCY
ANM03,BAC98,CSK95
ZUC03,CUC91,KKONG
ALD03,SUR87,D0546
PATCH,*,*
CHL03,PEP91,*
MRG03,THS98,ATH91
PCO03,VIO97,D0587
NEB03,STA97,OCH92
WSD03,MLR96,D0546
WAL03,DIC95,OCH92
YOS03,SEQ96,ATH91
WAG03,LPW91,CSK93
WRE03,WAG96,KKONG
ALFIE,*,*
CLL03,VIO96,KKONG
NET03,DOC94,WOD96
CHN03,TRT97,MOBYD
WONKY,*,*
MOU03,DIC94,EGR95
NICKY,*,*
CLW03,STI94,*
MNT03,SUR95,D0548
PAN03,PID95,KKONG
MEE03,YEW99,BUZZA
MNS03,STR96,SANDY
ARCHI,*,D0573
OXY03,DOC96,WOD96
NATHN,*,*
MDL03,FAN93,TNG95
YEW03,HOL94,SAM97
CHF03,WAG95,KKONG
POM03,BNX93,SANDY
FRT03,BUT96,WOD96
FOP03,DAN90,WOD96
FOU03,SUL90,BUZZA
JAE03,BNX95,SANDY
SHAGG,*,*
BRIMS,*,*
RPP03,RUF00,MOBYD
TIK03,HAL95,D0548
SLA03,GEC95,SKU97
BUT03,BCL93,JUG90
LAR03,KIT95,BUZZA
KAR03,TKN94,D0545
ETN03,ALD94,TNY94
IVY03,ILE87,WOD96
STR03,MNX90,BUZZA
BIE03,CFI94,BULBY
IVO03,EBO90,KKONG
DOC03,HIC88,EGR93
ICE03,SUR99,D0548
FDL03,VIO89,KKONG
SPL03,SAM94,*
RUSTY,*,*
TRT03,OCH90,D0548
RUM03,STI96,BULBY
SEQ03,SYC91,TNY94
JEE03,HAL90,SYC96
FRA03,PEN90,BUZZA
GRA03,FAN90,KKONG
JAY03,CGH95,KKONG
BNN03,OAT94,BUZZA
GOLUM,*,*
BNJ03,FDL96,*
GOD03,AVO90,JUG90
FAL03,CHP94,SANDY
SPI03,HAL94,D0548
SCT03,CRM99,MOBYD
RUF03,GOD97,BULBY
TSL03,THS96,*
FRR03,FAL99,*
LMS03,GOD94,KKONG
DRP03,SAX99,D0548
HOC03,HOL97,OCH92
CSK03,ANK89,OCH92
SAX03,TAM93,*
BIT03,SQU97,MOBYD
SAG03,SEM95,SEQ98
TWIGY,*,*
GEN03,SAX98,CLT95
HOL03,ILE86,*
KITKT,*,*
TIC03,CLO96,OCH92
SLR03,FLG98,TYS89
HIA03,PID97,TNG94
PUF03,POM97,CSK95
CED03,SEQ95,ATH91
KLD03,BNX94,SANDY
EID03,MAL93,KKONG
GAN03,SUL94,CSK93
UHA03,MODNP,D0545
SQU03,EGR91,*
HIR03,FUL93,SANDY
KNO03,TRK87,PERCY
HEL03,ORC95,CSK95
SCR03,GRA93,TNY94
KENNY,*,*
RIB03,BCL96,BULBY
LPA03,LMS97,*
CRM03,OCH96,*
SLO03,GIN93,ART00
TUS03,JUG91,MOBYD
FTH03,WSD00,OVA98
RBY03,STO98,PEREG
DEO03,CED99,MOBYD
GRT03,RAP97,BASIL
CAY03,CPS97,BRG90
RAP03,THU94,TAM94
THS03,PAP87,*
CMR04,CLT97,BULBY
CHF04,WAG95,TAM94
PCO04,VIO97,CEDRI
FOP04,DAN90,*
CHN04,TRT97,*
PCL04,PIC98,ATH91
JUL04,JOW93,BULBY
WBEYS,*,*
CLK04,GRA99,PERCY
BIE04,CFI94,BULBY
BLF04,BLF95,*
SCR04,GRA93,TNY94
CND04,TIN98,CEDRI
NEB04,STA97,MAL95
TIK04,HAL95,GEC97
BHN04,MAS99,SYC96
SLL04,PAN00,BNX96
HOO04,CGH00,*
TIC04,CLO96,OCH92
WIS04,CRB95,DOC95
HOL04,ILE86,MAL95
CLW04,STI94,BULBY
NEC04,SPL98,TNY94
HIA04,PID97,OCH92
HOC04,HOL97,BNX96
BOM04,BIT01,HAW99
NET04,DOC94,TNG94
CLL04,VIO96,TNG94
HON04,SUN93,ATH91
MTT04,TNG99,TNG94
MRY04,MAR93,SANDY
SPL04,SAM94,BULBY
ETN04,ALD94,ZUC96
FMR04,HOL00,TNG94
TIN04,THU91,EGR93
WSD04,MLR96,*
APA04,SEQ99,BNX96
BUT04,BCL93,CLT95
ANM04,BAC98,AIDAN
BEA04,MOO96,DOC95
BNN04,OAT94,CSK93
SHL04,GRA96,BUZZA
HED04,IVY97,OCH92
SOX04,SEQ01,CLT95
FAL04,CHP94,*
SSK04,CHF01,CEDRI
ARB04,COF01,GEC97
LLEAR,*,*
MLD04,HRM99,TNG94
RNG04,BUT98,FRA96
PRC04,TRT98,*
TTL04,LMS00,QUN94
LNC04,SAX00,SYC96
TSL04,THS96,TNY94
OXA04,SRL91,*
BUM04,NET99,THS95
GYP04,TIN00,*
ARD04,ALD98,SYC97
RUB04,GRA98,*
LIL04,THU96,SQU98
GNB04,SLO01,D0597
GOB04,CSK98,WOD96
MLN04,BEE93,FDL97
MDL04,FAN93,FRA96
ABS04,IVO99,DSA07
UKL04,FDL99,*
MAZUN,*,*
MAT04,MAR89,CSK95
CED04,SEQ95,FRA96
PUF04,POM97,CSK93
LMS04,GOD94,TNG95
DARWI,*,*
FRR04,FAL99,DOC95
CAY04,CPS97,BRG90
GEN04,SAX98,*
USAIN,*,*
GLI04,HON00,ATH91
MEG04,MAR95,SANDY
DID04,FDL00,*
LPA04,LMS97,QUN94
GAN04,SUL94,CSK93
KRB04,ALD01,ZUC96
CNN04,RUM01,AST95
PAN04,PID95,TNG94
OPA04,STO96,TNY94
COA04,CRB97,TATTI
CNK04,BEA00,GEC97
DOT04,LPW93,THS95
WAL04,DIC95,WOD96
LAR04,KIT95,THS95
CNE04,TUS01,ATH91
LAC04,BCL95,IVY96
STB04,OPA99,TNG94
FRA04,PEN90,CSK93
PMP04,MNT99,*
STERN,*,D0573
GRA04,FAN90,TNG95
POM04,BNX93,DPU94
DRP04,SAX99,GEC97
LCH04,CED00,TNY94
DSD17,*,D0573
RUF04,GOD97,BULBY
DTN04,TRT00,FRA96
RUM04,STI96,BULBY
WAG04,LPW91,CSK95
SQU04,EGR91,CSK93
BSY04,MLN97,GEC97
SAG04,SEM95,CSK95
MNT04,SUR95,D0546
SNZ05,WHZ00,TNY94
ZUC05,CUC91,TNY94
CHN05,TRT97,FRO95
PAN05,PID95,BNX96
HIA05,PID97,*
WRE05,WAG96,*
WSD05,MLR96,FRO95
GAN05,SUL94,CSK93
YOS05,SEQ96,TNY94
ORIGA,*,*
OXY05,DOC96,TNG94
FRR05,FAL99,PRN99
STE05,FAL01,TNG94
FRT05,BUT96,FRA96
BNS05,PCL02,*
OXA05,SRL91,SYC96
ZAPHO,*,*
GYP05,TIN00,TNG94
GLR05,LPA02,SAM97
FOU05,SUL90,*
FOP05,DAN90,CEDRI
FTH05,WSD00,FRO95
GINGR,*,*
HEL05,ORC95,TNY94
BLINK,*,*
LAPHR,*,DIL99
MOU05,DIC94,MAL95
RUF05,GOD97,CEL97
DRP05,SAX99,PRN01
CHD05,BIE01,CEL97
TRT05,OCH90,FRA96
LAVAL,*,*
MNN05,DIL01,D0546
WAL05,DIC95,WOD96
RUB05,GRA98,TNG94
ESP05,LTE02,D0571
KRM05,TIK01,SYC96
KRB05,ALD01,SUR97
KLD05,BNX94,DOC95
EID05,MAL93,D0546
BEA05,MOO96,DOC95
LAR05,KIT95,CSK93
RIB05,BCL96,IVY96
AZU05,CRM01,GEC97
PUF05,POM97,SANDY
CAY05,CPS97,D0571
CRM05,OCH96,CGH97
PYTHA,*,*
MEE05,YEW99,CSK93
ARA05,HED01,*
RBY05,STO98,TNY94
CNE05,TUS01,SYC96
MGH05,MEG00,DPU94
LMS05,GOD94,EGR93
PRC05,TRT98,ZUC96
BUT05,BCL93,CLT95
RPP05,RUF00,BULBY
TSL05,THS96,TNY94
DEO05,CED99,*
MRY05,MAR93,SANDY
NAN05,SQU01,*
FDL05,VIO89,*
JAE05,BNX95,SANDY
WIS05,CRB95,*
SLA05,GEC95,*
HOO05,CGH00,FRA96
TIK05,HAL95,SYC96
APA05,SEQ99,IVY96
WHZ05,CGH94,TNY94
SLO05,GIN93,TNG94
NEC05,SPL98,CEL97
SHADO,*,*
SLR05,FLG98,WOD96
HIR05,FUL93,*
UKL05,FDL99,CLT95
SCT05,CRM99,FRA96
CMR05,CLT97,BULBY
CMT05,MLN00,PERCY
CHF05,WAG95,*
HOC05,HOL97,CEDRI
SEQ05,SYC91,CLT95
JAY05,CGH95,TNY94
MOZ05,BIE97,CEL97
TLSK1,*,*
CPY06,MOU03,NIGEL
CLK06,GRA99,HAW99
ABS06,IVO99,EGR93
BUT06,BCL93,CSK93
CLR06,ZUC01,*
CCL06,STR00,AIDAN
CER06,PRC02,IVY96
CBL06,GRA02,CRD99
CLV06,KNO02,PAP94
ALD06,SUR87,CRD99
CHN06,TRT97,PRN99
BRY06,HIR03,CSK95
CMT06,MLN00,DOC02
BIE06,CFI94,CSK93
BOM06,BIT01,DIL99
CNN06,RUM01,ALD99
ARDBG,*,*
CHD06,BIE01,BULBY
CET06,RUF02,EGR93
ARA06,HED01,CEDRI
ARB06,COF01,FRO95
CND06,TIN98,ZUC96
ANM06,BAC98,DOC95
CNK06,BEA00,AIDAN
BUM06,NET99,CEDRI
CLW06,STI94,CSK93
BSY06,MLN97,ZUC98
OXY06,DOC96,NIGEL
NAN06,SQU01,SYC97
SMOOT,*,SPD00
SOUTH,*,*
SOX06,SEQ01,CLT95
PCO06,VIO97,PERCY
SPL06,SAM94,CSK93
HON06,SUN93,FRO95
SSK06,CHF01,TNY94
PCN06,WAL02,CEDRI
PCL06,PIC98,PERCY
STRKE,*,*
HIA06,PID97,TNY94
SAG06,SEM95,SYC00
POM06,BNX93,AIDAN
GTR06,CLL02,FRO95
TIC06,CLO96,CEDRI
OPA06,STO96,PERCY
TIK06,HAL95,CRD99
TIN06,THU91,HAW99
IVY06,ILE87,SYC97
TTL06,LMS00,PRN99
NET06,DOC94,CEDRI
NEC06,SPL98,CEL97
TWX06,WIS01,SKU97
UKL06,FDL99,PERRN
NEB06,STA97,AIDAN
TAMDU,*,*
RBY06,STO98,EGR95
GLI06,HON00,FRO95
SAP06,RBY02,*
RUM06,STI96,CSK93
RUF06,GOD97,CSK93
RUB06,GRA98,TNY94
SARGA,*,DIL99
GRA06,FAN90,*
SCR06,GRA93,TNY94
RPP06,RUF00,FLG00
GAN06,SUL94,AIDAN
SCRAT,*,CLO95
FDL06,VIO89,CEL97
SHORT,*,*
OXA06,SRL91,*
RAP06,THU94,PERCY
FRT06,BUT96,TNG95
SIG06,RPP03,BNX96
FRR06,FAL99,*
FOU06,SUL90,AIDAN
FMR06,HOL00,CSK95
PUF06,POM97,AIDAN
SLA06,GEC95,OVA98
HED06,IVY97,PERCY
SLL06,PAN00,CEL97
PRC06,TRT98,PRN99
SLR06,FLG98,CEDRI
SFY06,ROM02,PRT97
MAP06,CED02,*
MNS06,STR96,AIDAN
KRM06,TIK01,HAL98
VNS06,BUT02,WILTS
LAR06,KIT95,AIDAN
WAG06,LPW91,AIDAN
WAL06,DIC95,CEDRI
PAN06,PID95,EID01
LCH06,CED00,TNY94
MGH06,MEG00,DPU94
DOPPI,*,*
MEE06,YEW99,FLG00
DID06,FDL00,STUAR
WIS06,CRB95,FRA96
LPA06,LMS97,GEC97
LONGT,*,*
WSD06,MLR96,HAL98
LIL06,THU96,TNY94
YEW06,HOL94,FRT02
YOG06,YOS01,PERRN
LNX06,DEO03,*
LMS06,GOD94,TNG95
ZUC06,CUC91,TNY94
MEG06,MAR95,DOC95
MOU06,DIC94,FLG00
DTN06,TRT00,STUAR
MRG06,THS98,TNY94
KLD06,BNX94,DPU94
DUB06,STI02,CSK93
MRY06,MAR93,DPU94
MTT06,TNG99,IVY96
MLD06,HRM99,TNY94
MNT06,SUR95,PRN99
VNL06,DOT02,*
VES06,NET02,CEDRI
CLL07,VIO96,PERCY
RHU07,ALD03,ZUC98
GYP07,TIN00,ART00
RBY07,STO98,WILTS
LEX07,OPA03,SYC97
CRM07,OCH96,ZUC98
NET07,DOC94,CEDRI
PRC07,TRT98,ALD99
CCK07,DTN04,ALD99
NOS07,FRR03,*
CBL07,GRA02,TNY94
LPA07,LMS97,ZUC98
GNB07,SLO01,CEDRI
CSH07,WAL03,*
GLR07,LPA02,TNG97
LMS07,GOD94,SYC02
RUM07,STI96,STUAR
CLR07,ZUC01,PERCY
RUF07,GOD97,STUAR
BUT07,BCL93,*
BUM07,NET99,CEDRI
RIB07,BCL96,CLT95
NEB07,STA97,HAW99
GRA07,FAN90,EGR95
CMR07,CLT97,*
ROM07,TIN95,*
CER07,PRC02,*
LNX07,DEO03,*
MAP07,CED02,FRT02
LIL07,THU96,MOU02
HOC07,HOL97,PRN01
JAD07,RBY03,FRA96
PHA07,LPA04,GEC97
ORA07,ANM02,NIGEL
MLT07,CRM03,DIL99
CHK07,SOX04,UKL05
HMS07,FAL03,*
PIMPE,*,*
ORY07,JAE02,AIDAN
MLN07,BEE93,TNG97
CND07,TIN98,STUAR
MNG07,TRT03,TNY94
HOO07,CGH00,PERCY
PCN07,WAL02,CEDRI
MNM07,CHN03,PERCY
KNO07,TRK87,*
PAN07,PID95,SPL99
PCO07,VIO97,*
POM07,BNX93,DOC95
PUF07,POM97,AIDAN
MOZ07,BIE97,CLW00
MEG07,MAR95,DOC95
CET07,RUF02,STUAR
KLD07,BNX94,AIDAN
HED07,IVY97,NIGEL
CHF07,WAG95,TKN99
MGH07,MEG00,HAW99
CCL07,STR00,AIDAN
MOU07,DIC94,HAW99
OPA07,STO96,GEC97
CLW07,STI94,*
MLD07,HRM99,WILTS
HIA07,PID97,*
CHD07,BIE01,*
PLT07,KNO03,SPD01
HEL07,ORC95,TNY94
FOU07,SUL90,AIDAN
SCT07,CRM99,PERCY
SOX07,SEQ01,SYC97
SEQ07,SYC91,STUAR
BNS07,PCL02,*
SLO07,GIN93,CEDRI
WAL07,DIC95,NIGEL
FTH07,WSD00,SPL99
FRT07,BUT96,PERRN
WAG07,LPW91,NIGEL
BOBBY,*,*
GCE07,FTH03,TNG97
ARA07,HED01,KIT96
FUD07,WIS02,*
BOM07,BIT01,*
SIG07,RPP03,WILTS
TSU07,MNS03,AIDAN
STE07,FAL01,*
VES07,NET02,CEDRI
SLA07,GEC95,FRA96
AXL07,SLA03,*
SLL07,PAN00,SPL99
AYE07,MEE03,SYC97
AZU07,CRM01,FRA96
VNS07,BUT02,CLT95
GKG07,CED04,*
YOS07,SEQ96,TNY94
WRE07,WAG96,WILTS
DAMMY,*,*
TIC07,CLO96,NIGEL
SAG07,SEM95,*
DEO07,CED99,*
ANM07,BAC98,*
APA07,SEQ99,NIGEL
BRY07,HIR03,SPL99
SCP07,EID03,TNY94
WHZ07,CGH94,TNY94
BROAD,*,*
EID07,MAL93,SYC00
WHF07,WHZ02,TNY94
SCR07,GRA93,SYC97
BIE08,CFI94,MOU02
OXY08,DOC96,NIGEL
TWX08,WIS01,MND99
NEB08,STA97,*
JAE08,BNX95,AIDAN
NAV08,SEQ05,ALD99
TEI08,MNT04,*
AZU08,CRM01,ZUC98
STE08,FAL01,D0584
PCL08,PIC98,PERCY
UKL08,FDL99,STUAR
OPA08,STO96,SYC00
NEC08,SPL98,STUAR
TTL08,LMS00,SYC97
ONY08,RBY05,WILTS
NICKO,*,*
ARB08,COF01,*
NET08,DOC94,HAW99
TONKS,MOPRX,DIL99
BEL08,TIN02,ZUC98
JAY08,CGH95,PERCY
CLK08,GRA99,PERCY
TUI08,TTL04,*
WIS08,CRB95,*
CNN08,RUM01,MRY02
MEG08,MAR95,*
MEE08,YEW99,AIDAN
CPY08,MOU03,NIGEL
MAP08,CED02,*
LCH08,CED00,PERCY
LUT08,FDL03,NIGEL
WAL08,DIC95,NIGEL
LPA08,LMS97,PERRN
WSD08,MLR96,QUN94
YOG08,YOS01,IVY96
ACC08,MLD04,*
ABS08,IVO99,IVY96
CSH08,WAL03,NIGEL
APA08,SEQ99,KNO99
MNT08,SUR95,D0552
DUB08,STI02,STUAR
CMR08,CLT97,MOU02
CMT08,MLN00,DIL02
MOU08,DIC94,SKU97
VES08,NET02,CEDRI
DEO08,CED99,*
CNK08,BEA00,*
MTT08,TNG99,GEC97
TIC08,CLO96,NIGEL
MNG08,TRT03,QUN94
MLT08,CRM03,*
LAR08,KIT95,AIDAN
DID08,FDL00,STUAR
MIC08,SCR04,IVY96
CND08,TIN98,CLW00
RAD08,DEO05,D0552
FANKY,*,*
HIA08,PID97,PERCY
BOM08,BIT01,*
SLR08,FLG98,NIGEL
DAI08,MRG03,STE05
HED08,IVY97,HAW99
CET08,RUF02,MOU02
SSK08,CHF01,*
CER08,PRC02,PERCY
SIG08,RPP03,RAP00
FMR08,HOL00,NIGEL
PUF08,POM97,AIDAN
CCK08,DTN04,*
CHD08,BIE01,*
GNB08,SLO01,RAP00
GLI08,HON00,*
BSY08,MLN97,*
SAG08,SEM95,MND99
GLR08,LPA02,*
SAP08,RBY02,D0547
FRR08,FAL99,*
BUM08,NET99,CEDRI
PUM08,CND03,ZUC98
RPP08,RUF00,AIDAN
GCE08,FTH03,TNG97
FTH08,WSD00,ZUC98
RDD08,CLK04,PERCY
FRT08,BUT96,SYC00
HDI08,RAP03,IVY96
RUF08,GOD97,WILTS
HIR08,FUL93,AIDAN
PCO08,VIO97,SYC97
EMB08,CND04,CLW00
HON08,SUN93,*
CHM08,HOC05,CEDRI
SOX08,SEQ01,ALD99
SPL08,SAM94,ETN04
CHN08,TRT97,QUN94
PKN08,CNK04,*
PHA08,LPA04,*
HOO08,CGH00,SYC97
PCN08,WAL02,NIGEL
TEI09,MNT04,BROWN
SCP09,EID03,IVY96
SPL09,SAM94,*
MEG09,MAR95,AIDAN
SCT09,CRM99,TNG97
ROM09,TIN95,BSY02
CSH09,WAL03,FLG00
WAL09,DIC95,FLG00
RPP09,RUF00,IVY96
RBY09,STO98,PERCY
MLN09,BEE93,*
VNS09,BUT02,NIGEL
RHE09,OXY05,DANDP
SPD09,KNO95,*
ORY09,JAE02,EID01
SAP09,RBY02,PERRN
PCN09,WAL02,MOZ02
PAN09,PID95,WILTS
LMS09,GOD94,TKN99
YOG09,YOS01,*
BTT09,RIB05,HAW99
WSD09,MLR96,*
RUM09,STI96,BSY02
LONGB,*,*
OXY09,DOC96,FLG00
STN09,LMS05,EID01
BUM09,NET99,HAW99
RUI09,KLD05,AIDAN
RUF09,GOD97,WILTS
LPA09,LMS97,SYC02
LUN09,BSY04,TNG97
BRY09,HIR03,EID01
MNG09,TRT03,PERCY
RUB09,GRA98,NIGEL
CBL09,GRA02,SYC00
CPY09,MOU03,EID01
WRE09,WAG96,EID01
BOU09,WIS04,ART00
ARA09,HED01,FLG00
CMR09,CLT97,*
SLITT,*,JAE03
TRX09,TIN04,*
PRC09,TRT98,SYC00
AYE09,MEE03,AIDAN
SLL09,PAN00,WILTS
POT09,TRT05,SPI01
AXL09,SLA03,*
CLV09,KNO02,WAG98
SLA09,GEC95,*
NAV09,SEQ05,MOU02
CLR09,ZUC01,PERCY
UKL09,FDL99,STUAR
SLR09,FLG98,*
NIALL,*,*
NEB09,STA97,MOZ02
PLT09,KNO03,MOU02
TTL09,LMS00,ALD99
BNS09,PCL02,D0552
AZU09,CRM01,ZUC98
ASB09,HOO05,FRT02
VES09,NET02,*
TIC09,CLO96,FLG00
VNL09,DOT02,*
MNM09,CHN03,TNG97
ONY09,RBY05,NIGEL
MNS09,STR96,AIDAN
ARB09,COF01,*
SOX09,SEQ01,STUAR
MOZ09,BIE97,MOU02
CNN09,RUM01,MOU02
CBS09,ZUC03,PERCY
CNK09,BEA00,*
SIG09,RPP03,WILTS
ORA09,ANM02,EID01
CHK09,SOX04,BSY02
ODDIE,*,*
CER09,PRC02,*
NOS09,FRR03,*
MOU09,DIC94,EID01
CET09,RUF02,MOU02
MNT09,SUR95,BROWN
LAV09,CLK06,D0547
JAD09,RBY03,NIGEL
GLR09,LPA02,ZUC98
GYP09,TIN00,WILTS
CYA09,AZU05,BROWN
LAR09,KIT95,AIDAN
EID09,MAL93,IVY96
DAW09,SLO05,SYC00
FUD09,WIS02,*
EDA09,CHD05,MOU02
FRR09,FAL99,*
FMR09,HOL00,EID01
DID09,FDL00,MOU05
LIL09,THU96,SYC02
HOC09,HOL97,EID01
DUB09,STI02,SYC00
GKG09,CED04,D0584
HIA09,PID97,DANDP
SIT10,UKL06,SPD01
FTH10,WSD00,MOU02
VES10,NET02,FLG00
DUB10,STI02,*
ATA10,VNS06,STUAR
CND10,TIN98,CLW00
AXL10,SLA03,*
USS10,MEE05,AIDAN
PUF10,POM97,EID01
CMR10,CLT97,*
CYA10,AZU05,*
CMT10,MLN00,SYC02
ULU10,DID06,*
LAURE,D0537,ARCHI
WAS10,BUM06,FLG00
WAL10,DIC95,*
MEG10,MAR95,*
LCH10,CED00,KAR02
LAZ10,AZU07,*
MIC10,SCR04,PROXY
BRY10,HIR03,KIT96
ARB10,COF01,*
ARA10,HED01,MOZ03
ASB10,HOO05,MOU02
MLN10,BEE93,*
MLT10,CRM03,*
MYF10,BUT06,*
PUM10,CND03,ROGER
AYE10,MEE03,TSL05
CNT10,GLI06,SYC02
CCH10,PAN06,SYC00
DIN10,CMR05,STUAR
CHD10,BIE01,STUAR
FLU10,PCO06,CLW00
OPA10,STO96,PERCY
PPY10,HON06,ICE03
IOLOO,D0531,MNS06
ORY10,JAE02,AIDAN
BMB10,SSK06,CLW00
POT10,TRT05,PERCY
HUGHE,*,*
HED10,IVY97,FLG00
HIM10,OXY06,*
ONY10,RBY05,FRT05
HOO10,CGH00,RUM04
PCN10,WAL02,FLG00
BMA10,CHN06,KAR02
CHM10,HOC05,AIDAN
PKN10,CNK04,*
STN10,LMS05,MOU02
EMB10,CND04,KAR02
PEA10,NEC05,WILTS
PHA10,LPA04,ALD99
TBS10,BNS07,*
TWL10,WIS06,SKU97
WHF10,WHZ02,PERCY
CLW10,STI94,*
HAZ10,LCH06,TNG97
AZU10,CRM01,SYC02
FLT10,BEA05,*
SLL10,PAN00,*
NAV10,SEQ05,STUAR
SLR10,FLG98,ART00
RUF10,GOD97,STUAR
EDA10,CHD05,BSY02
MTT10,TNG99,MOU02
PSS10,CND06,SYC00
TUI10,TTL04,*
BOO10,YOG06,BROWN
BNS10,PCL02,STE05
NEC10,SPL98,STERN
TSU10,MNS03,AIDAN
CET10,RUF02,BSY02
JEE10,HAL90,D0541
SOX10,SEQ01,BRAVO
TWX10,WIS01,*
DAI10,MRG03,SYC00
APA10,SEQ99,BRAVO
ACA10,GKG07,D0543
LMS10,GOD94,MOU02
SAG10,SEM95,FRT05
LUT10,FDL03,SPD01
RUI10,KLD05,EID01
GNB10,SLO01,CLW00
RPP10,RUF00,BRAVO
RDD10,CLK04,PERCY
MCD10,WAL06,FLG00
CRX10,LMS06,ROGER
WRE10,WAG96,*
LEI10,RAP06,PERCY
LUN10,BSY04,D0541
WHZ10,CGH94,FRA98
GKG10,CED04,RUSTY
MAJ10,PRC06,TNG97
WIS10,CRB95,*
RUB10,GRA98,FLG00
MDD10,MEG06,*
YOS10,SEQ96,SYC00
RBY10,STO98,CLW00
WLK11,SLL07,ARCHI
CNN11,RUM01,BSY02
ORA11,ANM02,ARCHI
CMT11,MLN00,WBEYS
ACA11,GKG07,WBEYS
HUMBL,D0533,D0582
MCD11,WAL06,TUFTY
PUF11,POM97,FLG00
PPT11,WAG06,FLG00
VANNY,*,*
OXY11,DOC96,ART00
LPA11,LMS97,*
AZU11,CRM01,*
TLS11,SCR06,CLW00
SHZ11,MLT07,*
RUNAW,MORUN,D0567
URC11,ANM06,D0554
CNK11,BEA00,*
TIC11,CLO96,MOZ02
PACKH,D0526,JAE05
ALL11,PUF06,FLG00
CLR11,ZUC01,*
HDI11,RAP03,RUSTY
SLR11,FLG98,D0551
TYWIN,*,*
PRC11,TRT98,PERCY
HDX11,GTR06,ROGER
TSU11,MNS03,*
NAV11,SEQ05,BSY02
CET11,RUF02,*
SLL11,PAN00,ARCHI
MYF11,BUT06,CLW00
TOLER,*,*
CDN11,HOC07,ARCHI
WSD11,MLR96,KAR02
CMR11,CLT97,*
DUB11,STI02,SPD01
UKL11,FDL99,*
ONY11,RBY05,RUSTY
CML11,SLA06,*
GRL11,CCK08,*
GLR11,LPA02,*
AXL11,SLA03,*
WRE11,WAG96,*
PPL11,FRT07,MOZ03
DSB18,*,MNS06
PPY11,HON06,ROGER
TNS11,LMS07,SHAGG
OPA11,STO96,SPL04
SOX11,SEQ01,BSY02
HIA11,PID97,PERCY
SWT11,FRT06,FLG00
MEE11,YEW99,FLG00
ABS11,IVO99,PCN06
SAP11,RBY02,RUSTY
STRAC,*,*
CAM11,MNM07,KAR02
LAR11,KIT95,FLG00
WAL11,DIC95,ART00
LAV11,CLK06,RUSTY
PKN11,CNK04,*
ARA11,HED01,TRT02
CYA11,AZU05,*
LIN11,CHF07,CMT06
BMA11,CHN06,KAR02
MEG11,MAR95,SPL04
STN11,LMS05,TNG97
SCIMI,*,*
VNS11,BUT02,*
BRY11,HIR03,MND99
PCO11,VIO97,RUSTY
STE11,FAL01,*
STANL,*,*
LAZ11,AZU07,DEO07
MIC11,SCR04,RUSTY
CSH11,WAL03,TUFTY
DEN11,PRC07,KAR02
MNM11,CHN03,KAR02
CHD11,BIE01,BSY02
RPP11,RUF00,SYC00
LEBRO,*,*
GYP11,TIN00,TNG97
CBH11,CCK07,ROGER
ARB11,COF01,BROWN
CBS11,ZUC03,TNG97
PHA11,LPA04,*
VNL11,DOT02,*
HOC11,HOL97,FLG00
MNT11,SUR95,BROWN
VIP11,VES06,ARCHI
FUD11,WIS02,*
MNG11,TRT03,KAR02
PCN11,WAL02,TUFTY
TTL12,LMS00,ETN04
ZEP12,WHF07,SPL04
PEA12,NEC05,DSD17
TRX12,TIN04,D0582
DAK12,SOX08,WBEYS
CET12,RUF02,ARCHI
PRC12,TRT98,KAR02
SPOCK,*,*
PHA12,LPA04,ETN04
EMB12,CND04,ROGER
CER12,PRC02,*
LYR12,LUT08,MOU05
RSS12,SCT09,*
CSH12,WAL03,MOZ02
HNY12,NEC08,SPD01
ZAP12,NAV08,*
NEC12,SPL98,MOU05
SPY12,RPP08,BRAVO
ERICC,*,*
ORA12,ANM02,BROWN
CRX12,LMS06,ROGER
BMA12,CHN06,D0543
SWT12,FRT06,MND99
BOO12,YOG06,WBEYS
CHY12,CHK07,KAR02
PPL12,FRT07,*
DAI12,MRG03,ROGER
HOP12,FTH08,FRT03
PCN12,WAL02,ART00
BMB12,SSK06,*
HIM12,OXY06,ART00
ORY12,JAE02,FLG00
LPA12,LMS97,SYC02
STN12,LMS05,CLW00
BED12,GYP07,ROGER
CHK12,SOX04,ROGER
SOX12,SEQ01,WSD06
STAMM,*,*
LUT12,FDL03,BRAVO
ONY12,RBY05,BROWN
TNQ12,GNB07,BROWN
ROB12,WRE07,FLG00
RPP12,RUF00,BRAVO
PPY12,HON06,LAPHR
CHM12,HOC05,FLG00
TNS12,LMS07,WSD08
SPD12,KNO95,*
GNB12,SLO01,ART00
JAD12,RBY03,RUSTY
HED12,IVY97,TUFTY
SAP12,RBY02,ARCHI
FLU12,PCO06,*
DIN12,CMR05,*
TOK12,SLA07,D0551
MCD12,WAL06,BROWN
QTZ12,TIC07,TRT02
PUF12,POM97,FRT05
HAZ12,LCH06,D0541
SHE12,DID09,MOZ03
SHZ12,MLT07,D0567
CNK12,BEA00,*
AME12,OPA08,BROWN
RUM12,STI96,*
DID12,FDL00,BSY02
DARKO,*,*
DALEK,*,*
VES12,NET02,TUFTY
ULU12,DID06,UKL05
USS12,MEE05,MOZ02
CAM12,MNM07,SYC02
CYA12,AZU05,WBEYS
MNM12,CHN03,KAR02
MNG12,TRT03,WBEYS
CPY12,MOU03,*
DRE12,PRC09,ETN04
LEI12,RAP06,KAR02
MNS12,STR96,FLG00
MAJ12,PRC06,ROGER
CBT12,AZU08,WBEYS
RBY12,STO98,SPL04
RDD12,CLK04,BROWN
CCH12,PAN06,FRT05
SCP12,EID03,KAR02
MCU12,MNG09,ETN04
ASB12,HOO05,RUSTY
SCOTT,*,*
SHAPL,*,*
DAW12,SLO05,CLW00
LEFTI,*,*
CND12,TIN98,BROWN
WLL12,LCH08,D0541
APA12,SEQ99,CLW00
LCH12,CED00,CMT06
WSD12,MLR96,D0543
NAV12,SEQ05,ALD99
FIB12,FMR06,BROWN
UKL12,FDL99,*
RHE12,OXY05,SYC00
AZU12,CRM01,ROGER
RUB12,GRA98,UKL05
MDD12,MEG06,D0554
TWL12,WIS06,*
WAS12,BUM06,ART00
PSS12,CND06,*
TUI12,TTL04,*
YOG12,YOS01,SHAGG
RUF12,GOD97,BROWN
DUB12,STI02,ANM04
AYE12,MEE03,AIDAN
CDN12,HOC07,FLG00
MIC12,SCR04,*
ALL12,PUF06,*
CML12,SLA06,*
RAS12,MTT08,CLW00
SLA12,GEC95,D0551
GLR12,LPA02,WBEYS
BRY12,HIR03,*
FLT12,BEA05,*
RUI12,KLD05,*
WHF12,WHZ02,BROWN
KIRKK,*,*
HIM13,OXY06,STERN
HAN13,JAE08,*
GYP13,TIN00,ROGER
SCP13,EID03,ROGER
EMB13,CND04,SHAGG
CAM13,MNM07,WBEYS
QTZ13,TIC07,STERN
BRY13,HIR03,JAE05
RAS13,MTT08,ROGER
GNB13,SLO01,D0551
CHEKO,*,*
FIB13,FMR06,TRT02
SHOBO,MODNP,RPP06
FLU13,PCO06,SPD01
HEX13,HED08,*
CDN13,HOC07,JAE05
GRUNT,*,*
GLR13,LPA02,*
SOX13,SEQ01,MOU05
SLL13,PAN00,SPL04
BMB13,SSK06,ROGER
RHE13,OXY05,STERN
HDX13,GTR06,WBEYS
CSH13,WAL03,RUM04
SLR13,FLG98,RUM04
SML13,WHF10,SYC00
RSS13,SCT09,*
CET13,RUF02,ALD99
RDD13,CLK04,SPD01
CBH13,CCK07,*
GGZ13,CHD10,FRT03
SCROL,*,*
SDY13,RUM09,CLW00
CBS13,ZUC03,SPD01
CBT13,AZU08,*
RPP13,RUF00,RBY07
ROB13,WRE07,SPD01
CHD13,BIE01,MOU05
BMA13,CHN06,LAPHR
SAG13,SEM95,SCRAT
BOO13,YOG06,SHAGG
PHA13,LPA04,D0608
RUM13,STI96,MOU05
PPT13,WAG06,FLG00
PUF13,POM97,JAE05
TRX13,TIN04,LAPHR
WAL13,DIC95,RUM04
MEE13,YEW99,FRT05
DEN13,PRC07,DEO07
MDD13,MEG06,PCN06
APA13,SEQ99,FRT03
WIC13,SOX09,CLW00
JIMMY,*,*
IRI13,AYE09,FLG00
TSU13,MNS03,*
DID13,FDL00,ALD99
JAV13,ARB11,*
CPY13,MOU03,*
JAD13,RBY03,SPD01
WLK13,SLL07,D0551
ONY13,RBY05,SPD01
TOK13,SLA07,*
AME13,OPA08,SPD01
CND13,TIN98,ROGER
NAV13,SEQ05,ROGER
VES13,NET02,RUM04
SPY13,RPP08,ROGER
URC13,ANM06,FLG00
ASB13,HOO05,SPD01
UKL13,FDL99,*
AYE13,MEE03,AIDAN
DUB13,STI02,RUM03
MIC13,SCR04,*
ARB13,COF01,LAPHR
VNS13,BUT02,SPD01
MNM13,CHN03,WBEYS
MNG13,TRT03,LAPHR
ARA13,HED01,RUM04
VNL13,DOT02,*
TUI13,TTL04,BEL08
CLR13,ZUC01,SPD01
EDA13,CHD05,MOU05
EDD13,RUF09,MOU05
AZU13,CRM01,LAPHR
TLS13,SCR06,*
ZAP13,NAV08,ALD99
CHM13,HOC05,AIDAN
OYS13,SLL09,ROGER
LPA13,LMS97,ZAPHO
SWT13,FRT06,SHAGG
BIJ13,OPA07,ROGER
STN13,LMS05,CLW00
PCN13,WAL02,STERN
DAK13,SOX08,CLW00
MAJ13,PRC06,SYC02
CHK13,SOX04,TTL06
ALL13,PUF06,MOZ02
MCD13,WAL06,STERN
LIA13,ARA09,*
ABS13,IVO99,*
ORA13,ANM02,STERN
PEA13,NEC05,MOU05
ALI13,EMB08,D0553
ZEP13,WHF07,SPD01
LEI13,RAP06,SYC02
DRE14,PRC09,SYC02
SCP14,EID03,SYC02
LIA14,ARA09,ZAPHO
DIN14,CMR05,CND07
MNM14,CHN03,ZAPHO
CRX14,LMS06,TTL06
CBT14,AZU08,WBEYS
SDY14,RUM09,PLT07
ARE14,PCN10,STERN
VIP14,VES06,RUM04
MOH14,APA08,*
DID14,FDL00,BRAVO
ABS14,IVO99,SPD01
VES14,NET02,STERN
MOJ14,GNB10,*
CCH14,PAN06,STERN
CNK14,BEA00,*
ASB14,HOO05,SPD01
CSH14,WAL03,RUM04
CND14,TIN98,HEL05
ARNIE,*,*
DAK14,SOX08,*
RDD14,CLK04,SYC02
MCCOY,*,*
WLK14,SLL07,STERN
CPY14,MOU03,GLR07
MCQ14,PPL11,SHAGG
WIC14,SOX09,SARGA
MAJ14,PRC06,LAPHR
CMT14,MLN00,GINGR
GLR14,LPA02,MRY02
CAM14,MNM07,MRY02
WSD14,MLR96,HAZ10
LYR14,LUT08,HEL05
DAW14,SLO05,SPL04
DAI14,MRG03,HAZ10
RSS14,SCT09,*
BZK14,LUT10,RUM03
BSG14,VES10,SPD01
BRY14,HIR03,*
RAS14,MTT08,ZAPHO
MIC14,SCR04,FRT03
MCD14,WAL06,ZAPHO
QTZ14,TIC07,RUM04
MCU14,MNG09,MRY02
RHE14,OXY05,STERN
COM14,APA10,CLW00
ZEP14,WHF07,SYC02
XEN14,GLR11,*
ORY14,JAE02,*
NAV14,SEQ05,MOU05
TWX14,WIS01,*
OYS14,SLL09,*
BCA14,CBS09,LAPHR
PSS14,CND06,SPD01
BED14,GYP07,LAPHR
BOO14,YOG06,FRT03
TTL14,LMS00,SARGA
EDA14,CHD05,MOU05
PRC14,TRT98,ZAPHO
CHY14,CHK07,FRT03
UHA14,D0526,CND07
SOA14,BRY10,NEC06
TWIXY,*,*
KLP14,MTT10,BOM06
ORA14,ANM02,GLR07
BMB14,SSK06,*
BNT14,BMB10,*
SOX14,SEQ01,SARGA
TSU14,MNS03,NEC06
HDX14,GTR06,GINGR
EDD14,RUF09,SARGA
CET14,RUF02,SPD01
TNQ14,GNB07,MOZ02
ONY14,RBY05,SPD01
PPL14,FRT07,SHAGG
CDN14,HOC07,NEC06
SPY14,RPP08,MOU05
USS14,MEE05,*
TOK14,SLA07,*
HAZ14,LCH06,BOBBY
ABA14,HIA09,ZAPHO
HNY14,NEC08,TONKS
CHM14,HOC05,FLG00
FLU14,PCO06,FRR05
ULU14,DID06,*
EMB14,CND04,BOM06
UKL14,FDL99,BRAVO
HUR14,TSU10,BOM06
STN14,LMS05,BOM06
CMA14,TWX08,FRR05
PCN14,WAL02,STERN
SULUU,*,*
MTT14,TNG99,SPD01
SLK14,RPP11,*
DUB14,STI02,BRAVO
BMA15,CHN06,BOBBY
AME15,OPA08,ZAPHO
BED15,GYP07,SHAGG
ELA15,ARA11,ZAPHO
GLZ15,MAJ12,GLR09
SPY15,RPP08,SARGA
STN15,LMS05,D0602
EMB15,CND04,SHAGG
BMB15,SSK06,*
GLR15,LPA02,*
ALL15,PUF06,FRT05
DAK15,SOX08,TTL06
TLS15,SCR06,SHAGG
SPA15,PPL12,*
TEM15,STN12,D0553
SWT15,FRT06,BROAD
WTZ15,TWL10,KLD06
EKA15,MEE11,TRT02
SOX15,SEQ01,SEQ07
SDY15,RUM09,SEQ07
TWL15,WIS06,KLD06
ARA15,HED01,STERN
FLM15,EMB12,FRT03
SCP15,EID03,HEL05
GGZ15,CHD10,BRAVO
BAL15,LUT12,BRAVO
SOA15,BRY10,D0539
SLK15,RPP11,*
SAP15,RBY02,*
VES15,NET02,STERN
AYE15,MEE03,TRT02
DRE15,PRC09,*
ULU15,DID06,PLT07
FLU15,PCO06,ZAPHO
ASB15,HOO05,ZAPHO
USS15,MEE05,SCRAT
DUB15,STI02,BRAVO
BRY15,HIR03,SCRAT
TOK15,SLA07,UKL08
EDD15,RUF09,LAURE
EMU15,LYR12,HIA08
BCA15,CBS09,*
BNT15,BMB10,TONKS
SOP15,WLK11,*
URC15,ANM06,MOU09
DID15,FDL00,BRAVO
BBG15,DID08,DIN10
BOO15,YOG06,TONKS
TSU15,MNS03,SCRAT
EDA15,CHD05,SARGA
SML15,WHF10,TTL06
APO15,CHY12,HUGHE
VNT15,SWT11,*
VNS15,BUT02,RUM03
WLK15,SLL07,DUB09
BSG15,VES10,STERN
PPL15,FRT07,*
CHK15,SOX04,*
MCU15,MNG09,SHAGG
LEI15,RAP06,SHAGG
RAS15,MTT08,TTL06
MCD15,WAL06,RUM04
CBH15,CCK07,LAVAL
CDN15,HOC07,SCRAT
KAK15,TUI12,*
PSE15,WSD12,BOBBY
KKA15,WAL11,ZAPHO
KLN15,PRC12,BOBBY
CAM15,MNM07,BOBBY
MNM15,CHN03,BOBBY
PSS15,CND06,HEL05
CBS15,ZUC03,BROAD
NAV15,SEQ05,SARGA
MDD15,MEG06,KLD06
PUE15,NAV12,SEQ07
HIM15,OXY06,SPL04
MIC15,SCR04,TTL06
CHM15,HOC05,D0539
LEA15,ORY07,ZAPHO
HAN15,JAE08,FRT03
RDD15,CLK04,FRT03
KOH15,AYE10,TRT02
BZK15,LUT10,*
LUT15,FDL03,SARGA
HEX15,HED08,SEQ07
JEP15,CHK12,*
CND15,TIN98,FRT03
HDX15,GTR06,BOBBY
IRI15,AYE09,TRT02
HAZ15,LCH06,*
MOJ15,GNB10,ZAPHO
CSH15,WAL03,RUM04
ONY15,RBY05,ZAPHO
PCN15,WAL02,ZAPHO
HRT15,WAS10,STERN
JAD15,RBY03,*
CET15,RUF02,SARGA
CCH15,PAN06,STERN
HRT16,WAS10,STERN
DRE16,PRC09,*
DUB16,STI02,LAURE
CMA16,TWX08,*
AYE16,MEE03,RPP09
BIJ16,OPA07,CLW00
BMA16,CHN06,DAMMY
CCT16,CET12,SYC02
CML16,SLA06,*
USS16,MEE05,TWX06
CDN16,HOC07,MOZ02
KKA16,WAL11,RUM04
ULU16,DID06,SYC00
HAZ16,LCH06,*
KLP16,MTT10,TONKS
FLU16,PCO06,*
ONY16,RBY05,TONKS
URC16,ANM06,RBY07
HIM16,OXY06,BROAD
CMB16,HED12,DIN10
TNQ16,GNB07,LAVAL
JEP16,CHK12,D0567
HYS16,SDY13,*
TOK16,SLA07,*
CES16,DAK12,*
SOA16,BRY10,HIA08
GLR16,LPA02,DAMMY
TEM16,STN12,D0598
PSS16,CND06,ZAPHO
SOP16,WLK11,STERN
TCL16,HNY12,*
CET16,RUF02,LAVAL
BNT16,BMB10,BROAD
EDD16,RUF09,MOU09
CHY16,CHK07,TTL06
TLS16,SCR06,SHAGG
ORY16,JAE02,CLV09
EMU16,LYR12,LAVAL
IRI16,AYE09,SCRAT
CLR16,ZUC01,TTL06
FLM16,EMB12,DAMMY
PPL16,FRT07,GLR09
PUE16,NAV12,LAVAL
NAV16,SEQ05,SMOOT
SHO16,CND12,BROAD
PPT16,WAG06,SCRAT
TWL16,WIS06,*
HUD16,LPA12,DAMMY
CLS16,GLR13,SLITT
BCA16,CBS09,SHAGG
BOO16,YOG06,SMOOT
KAK16,TUI12,*
EDA16,CHD05,FRT05
TSU16,MNS03,PLT07
BAU16,MCD12,DUB09
SYLVE,*,*
BBG16,DID08,LAVAL
KAN16,WIC13,ZAPHO
SWT16,FRT06,SHAGG
CHK16,SOX04,GLR09
RES16,NEC12,SPD01
ALL16,PUF06,MOZ02
STALL,*,*
LEI16,RAP06,VNS09
AMC16,USS12,JAE05
MCD16,WAL06,RUM04
AME16,OPA08,VNS09
MCU16,MNG09,D0564
WLK16,SLL07,STERN
WTZ16,TWL10,*
CPY16,MOU03,TONKS
MCQ16,PPL11,*
HNY16,NEC08,*
VES16,NET02,NEC06
GLE16,SML13,TTL06
ASB16,HOO05,ZAPHO
WIC16,SOX09,TONKS
AML16,DAW12,*
LUT16,FDL03,SARGA
ABA16,HIA09,STERN
ROB16,WRE07,VNS09
CSH16,WAL03,STERN
RPSLI,*,*
LIA16,ARA09,CLW00
GLZ16,MAJ12,*
RHE16,OXY05,CLW00
MAM16,VIP11,CHM10
ZEP16,WHF07,ZAPHO
MAJ16,PRC06,ZAPHO
BZK16,LUT10,SMOOT
LYR16,LUT08,SARGA
LEM16,AYE12,SCRAT
DAK16,SOX08,SYC02
SPU16,SPY12,*
XIN16,MCU12,SLITT
MAB16,MDD13,HIA08
GYP16,TIN00,ZAPHO
SPY16,RPP08,SARGA
VIP16,VES06,ZAPHO
CBH16,CCK07,D0564
RDD16,CLK04,TTL06
DOLPH,*,*
HAN16,JAE08,KLD06
MNM16,CHN03,DAMMY
SOX16,SEQ01,LAVAL
ARE16,PCN10,STERN
BSG16,VES10,RUM04
PCN16,WAL02,STERN
COM16,APA10,D0558
KOH16,AYE10,TWX06
SVG16,CDN12,RBY07
KLN16,PRC12,D0558
SDY16,RUM09,*
ING16,LEI12,BRY11
MOJ16,GNB10,ZAPHO
CNK16,BEA00,*
CCH16,PAN06,STERN
FVA16,DUB11,LAVAL
CHM16,HOC05,KLD06
DAW16,SLO05,TONKS
MDD16,MEG06,HIA08
PKN16,CNK04,*
LEA16,ORY07,*
DEW16,MNS12,*
RAS16,MTT08,TONKS
MIC16,SCR04,BRY11
GGZ16,CHD10,SMOOT
VNT16,SWT11,*
MLA16,RAS12,ZAPHO
VNS16,BUT02,*
QTZ16,TIC07,STERN
SPA16,PPL12,D0602
SAP16,RBY02,BROAD
ELK17,LEI13,ZAPHO
SWT17,FRT06,WSD11
SPY17,RPP08,SARGA
EKA17,MEE11,JAD12
SVG17,CDN12,FRT05
ELA17,ARA11,DUB09
CHM17,HOC05,SCRAT
HIM17,OXY06,STERN
PCN17,WAL02,STERN
HNY17,NEC08,*
MCU17,MNG09,SLITT
VES17,NET02,STERN
ARE17,PCN10,STERN
MNM17,CHN03,SLITT
COM17,APA10,*
VNT17,SWT11,*
VOR17,EDD13,LAURE
MIC17,SCR04,GLR09
DEW17,MNS12,TWX06
AUK17,ALL13,DUB09
MDD17,MEG06,TWX06
DRE17,PRC09,SLITT
WIC17,SOX09,ZAPHO
MCQ17,PPL11,TTL09
MCD17,WAL06,SCRAT
DAK17,SOX08,GLR09
ALL17,PUF06,JAE05
XIN17,MCU12,HUGHE
LYR17,LUT08,SARGA
ZUN17,NAV14,SARGA
ABA17,HIA09,STERN
WEA17,RPP12,ULU12
BAU17,MCD12,TONKS
OUI17,AYE13,KLD06
TLS17,SCR06,GLR09
ING17,LEI12,TONKS
BED17,GYP07,GLR09
GRN17,MIC14,*
ONY17,RBY05,LAURE
TOK17,SLA07,D0585
JEP17,CHK12,DIN10
BCA17,CBS09,GLR09
MOE17,CHM13,KLD06
BBA17,SLA12,D0585
MOJ17,GNB10,WSD11
CLS17,GLR13,CHK09
NAV17,SEQ05,ZAPHO
BAL17,LUT12,SARGA
CMA17,TWX08,*
CML17,SLA06,*
KLN17,PRC12,HUGHE
UTE17,COM14,*
VEC17,SPY14,SARGA
EDD17,RUF09,SARGA
JMC17,RAS13,WSD11
BOO17,YOG06,SARGA
PLS17,MAJ14,GLR09
CCH17,PAN06,STERN
FVA17,DUB11,MOU09
HEX17,HED08,OXY09
BMA17,CHN06,SLITT
PUE17,NAV12,LAURE
SOA17,BRY10,JAE05
CBS17,ZUC03,DUB09
BMY17,GNB12,ZAPHO
BZK17,LUT10,*
SHO17,CND12,GLR09
BNG17,DID13,NAV10
PPT17,WAG06,SCRAT
CET17,RUF02,ZAPHO
SAE17,RUB12,WSD11
HAN17,JAE08,TWX06
PRL17,SAP12,WSD11
SML17,WHF10,ORY12
GLR17,LPA02,SLITT
HAZ17,LCH06,*
CAB17,ONY13,CBH11
SOP17,WLK11,STERN
CES17,DAK12,GLR09
SDY17,RUM09,SARGA
GGZ17,CHD10,SARGA
SCP17,EID03,WSD11
PII17,PCN11,*
ROB17,WRE07,ZAPHO
RAS17,MTT08,ZAPHO
RDD17,CLK04,ZAPHO
CDN17,HOC07,*
BRZ17,ZEP14,GLR09
SPT17,CBS13,GLR09
BSQ17,MAJ13,WSD11
COM18,APA10,TONKS
JMC18,RAS13,WSD11
SML18,WHF10,WSD11
ALO18,CRX14,IOLOO
BAU18,MCD12,IOLOO
DRE18,PRC09,*
URC18,ANM06,KLD06
BRZ18,ZEP14,*
NAV18,SEQ05,SARGA
KLN18,PRC12,HUGHE
RAS18,MTT08,TTL06
AMC18,USS12,LONGB
ALL18,PUF06,*
CLS18,GLR13,HUGHE
PHE18,PPL15,HDX11
MAM18,VIP11,HDX13
PRL18,SAP12,TTL06
RES18,NEC12,*
NIA18,ARE14,WSD11
MAJ18,PRC06,WSD11
VOR18,EDD13,LAURE
MAB18,MDD13,*
USS18,MEE05,PACKH
MOJ18,GNB10,WSD11
CDN18,HOC07,KLD06
ASB18,HOO05,TONKS
CPY18,MOU03,*
KIC18,WIC14,TONKS
CML18,SLA06,SPOCK
NAU18,CCH14,IOLOO
KLP18,MTT10,WSD11
KAN18,WIC13,D0555
PUE18,NAV12,STRAC
WLK18,SLL07,IOLOO
ULU18,DID06,*
MCQ18,PPL11,ULU12
VNT18,SWT11,*
BSG18,VES10,IOLOO
RDD18,CLK04,WSD11
PSS18,CND06,WSD11
AME18,OPA08,WSD11
KKA18,WAL11,WHF12
MCU18,MNG09,*
TWL18,WIS06,*
MLA18,RAS12,WSD11
GLE18,SML13,GLR09
BOO18,YOG06,BOBBY
FLM18,EMB12,HUGHE
HAZ18,LCH06,DSB18
IFF18,DUB14,VNS13
HML18,SDY14,*
LIA18,ARA09,IOLOO
YUM18,NAV15,*
SDP18,GLR15,*
SPT18,CBS13,*
EMU18,LYR12,SARGA
ZUN18,NAV14,LAURE
CHK18,SOX04,IOLOO
ELK18,LEI13,TTL06
HAN18,JAE08,PACKH
PKN18,CNK04,SPOCK
EDD18,RUF09,STRAC
VIP18,VES06,DUB09
GLR18,LPA02,*
KOH18,AYE10,LONGB
SUD18,RDD14,*
PLS18,MAJ14,HUGHE
PPT18,WAG06,JAD12
HRT18,WAS10,WSD11
ZEP18,WHF07,TTL06
LEM18,AYE12,KLD06
PCN18,WAL02,IOLOO
VES18,NET02,LONGB
RHB18,RHE14,ORY12
WTZ18,TWL10,*
GRN18,MIC14,TTL06
BLL18,MCQ14,ULU12
IRI18,AYE09,LONGB
SPY18,RPP08,OXY09
SOP18,WLK11,IOLOO
FVA18,DUB11,D0555
CBH18,CCK07,HUGHE
SPU18,SPY12,WSD11
WIC19,SOX09,KLP16
SHO19,CND12,WSD11
ULU19,DID06,*
VOR19,EDD13,WSD11
PUE19,NAV12,LAURE
CCH19,PAN06,DUB09
CPY19,MOU03,TWX06
KAW19,TOK14,*
SUD19,RDD14,WSD11
BRZ19,ZEP14,*
MCU19,MNG09,GLR09
CYP19,CPY14,LONGB
FLM19,EMB12,*
USS19,MEE05,LONGB
BYL19,ONY15,D0555
MRC19,MCD14,*
BRB19,DUB15,*
MDD19,MEG06,LONGB
GLR19,LPA02,HDX11
ELK19,LEI13,D0606
CMA19,TWX08,*
QTZ19,TIC07,AYE15
ABA19,HIA09,DUB09
ZUN19,NAV14,VNS13
VIR19,MCD15,TWX06
MOJ19,GNB10,WSD11
PKN19,CNK04,IRI13
CDY19,BOO14,WSD11
BLI19,CBS15,LAURE
SPY19,RPP08,LAURE
CES19,DAK12,HDX11
EMU19,LYR12,VNS13
SWT19,FRT06,LONGB
SDY19,RUM09,CHK13
COM19,APA10,LAURE
BBA19,SLA12,*
JMC19,RAS13,TONKS
DAK19,SOX08,*
MAA19,BED15,*
ALL19,PUF06,LONGB
VEC19,SPY14,TTL06
BCA19,CBS09,WSD11
PRD19,JAD13,WSD11
YAN19,BMA16,*
CET19,RUF02,RDD13
NIA19,ARE14,JAD12
ARN19,GLR16,WSD11
MAJ19,PRC06,HOP12
WTZ19,TWL10,*
MAB19,MDD13,LONGB
WST19,LIA14,WSD11
ENI19,RDD15,*
TLS19,SCR06,*
BOO19,YOG06,OXY09
HPI19,SOX14,OXY09
BMA19,CHN06,HUMBL
REG19,RAS14,SPL09
SYR19,HNY14,*
SOA19,BRY10,LONGB
GGZ19,CHD10,LAURE
ELI19,LEI15,*
PAW19,APO15,VNS13
SAE19,RUB12,WSD11
LYR19,LUT08,*
CLS19,GLR13,D0606
PPT19,WAG06,LONGB
YUM19,NAV15,OXY09
PRL19,SAP12,WSD11
NAV19,SEQ05,LAURE
EDD19,RUF09,STRAC
MLA19,RAS12,WSD11
RDD19,CLK04,WSD11
BAS19,QTZ14,WSD11
BMY19,GNB12,WSD11
COM20,APA10,STRAC
MLA20,RAS12,GLR09
PUP20,SWT17,RDD13
MLB20,KKA15,WSD11
GGZ20,CHD10,LAURE
QIN20,MCU17,HDX11
YUM20,NAV15,STRAC
ALL20,PUF06,LONGB
MAJ20,PRC06,HDX11
MAB20,MDD13,CHM10
WST20,LIA14,GLR12
RHB20,RHE14,WSD11
GTO20,BOO15,WSD11
MAA20,BED15,MCU15
RDD20,CLK04,WSD11
AGO20,CPY16,WSD11
ALO20,CRX14,*
GLR20,LPA02,D0617
ZIT20,BAL17,*
LEM20,AYE12,LONGB
ADI20,QTZ16,RDD13
LIA20,ARA09,WSD11
GRN20,MIC14,*
ZUN20,NAV14,*
ABA20,HIA09,DUB09
LYR20,LUT08,GGZ13
CPY20,MOU03,DUB09
QTZ20,TIC07,ORY12
DEW20,MNS12,*
LEA20,ORY07,*
MDD20,MEG06,*
BRZ20,ZEP14,*
MCU20,MNG09,HALFE
RAS20,MTT08,WSD11
BSG20,VES10,BRY11
DAK20,SOX08,GLR09
GLE20,SML13,WSD11
MAM20,VIP11,ARE16
MCL20,IRI16,SPOCK
GLN20,GLR17,*
AML20,DAW12,WSD11
AME20,OPA08,WSD11
BUA20,GLE16,*
AMC20,USS12,*
WLK20,SLL07,UHA14
VOR20,EDD13,*
WIC20,SOX09,UHA14
BOO20,YOG06,STRAC
MRC20,MCD14,SPOCK
NIA20,ARE14,WSD11
ENI20,RDD15,*
BCA20,CBS09,GLR09
FAT20,ARA15,RDD13
SML20,WHF10,*
JMC20,RAS13,WSD11
BAU20,MCD12,DUB09
BAS20,QTZ14,DUB09
BOE20,CES17,HALFE
CYP20,CPY14,DUB09
IRI20,AYE09,LONGB
TWL20,WIS06,*
CLS20,GLR13,HDX11
PSS20,CND06,WSD11
NAU20,CCH14,WSD11
KAT20,ULU16,*
KIC20,WIC14,UHA14
CDY20,BOO14,LAURE
CDN20,HOC07,SPOCK
MTS20,IRI15,WSD11
MRI20,CLS17,GLR09
KAJ20,KOH16,LONGB
TAW20,TOK16,*
HLD20,HEX15,RDD13
SPU20,SPY12,*
BLI20,CBS15,GLR09
SPY20,RPP08,WSD11
SPT20,CBS13,*
ELK20,LEI13,HALFE
PKN20,CNK04,*
PLS20,MAJ14,HALFE
SVG20,CDN12,SPOCK
NNE20,NANEA,*
SYR20,HNY14,*
NAV20,SEQ05,LAURE
EKA20,MEE11,*
PPT20,WAG06,SPOCK
BGE20,SHO16,*
EMU20,LYR12,LAURE
CES20,DAK12,GLR09
SOP20,WLK11,RDD13
IOW20,DAK16,*
TNR20,SDY16,*
SOA20,BRY10,ORY12
BOB20,VES15,DUB09
HEX20,HED08,ORY12
HAN20,JAE08,WSD11
SDP20,GLR15,PPL14
PUE20,NAV12,*
BRB20,DUB15,GGZ13
MNU20,LYR17,*
ONY20,RBY05,WSD11
AUK20,ALL13,LONGB
SHO20,CND12,GLR09
VIL20,AME15,WSD11
ARN20,GLR16,*
SDY20,RUM09,*
MOJ20,GNB10,WSD11
VEL20,URC15,KLD06
DRO20,SPY15,WSD11
KLP20,MTT10,WSD11
CCH20,PAN06,DUB09
KKA20,WAL11,WSD11
CCY20,ONY16,WSD11
KOH20,AYE10,LONGB
VIP20,VES06,UHA14
SEL21,KLP18,*
AGO21,CPY16,SPOCK
OUI21,AYE13,*
KLP21,MTT10,LAURE
EMU21,LYR12,LAURE
CES21,DAK12,SULUU
MAA21,BED15,D0599
BYL21,ONY15,*
TLS21,SCR06,*
MOE21,CHM13,LONGB
MIL21,ELK17,*
QIN21,MCU17,SULUU
CYP21,CPY14,RUNAW
TNR21,SDY16,*
WTZ21,TWL10,*
SOA21,BRY10,D0600
ONY21,RBY05,WSD11
SPU21,SPY12,*
SDY21,RUM09,ORY12
ELK21,LEI13,HALFE
LEM21,AYE12,TOK12
LAK21,CHY16,STRAC
ACO21,PUE18,*
SPS21,SPY18,UHA14
SPT21,CBS13,GLR09
MLA21,RAS12,WSD11
ADI21,QTZ16,RUNAW
LIA21,ARA09,UHA14
EME21,PRL17,UHA14
ZIT21,BAL17,D0568
COM21,APA10,STRAC
PLS21,MAJ14,HALFE
RIE21,SVG17,SPOCK
VIR21,MCD15,UHA14
ABA21,HIA09,SHOBO
BLI21,CBS15,GLR09
ARN21,GLR16,*
BMY21,GNB12,UHA14
YUM21,NAV15,MNM15
GRN21,MIC14,*
STT21,SPU18,*
ZUN21,NAV14,*
AMC21,USS12,LONGB
MCC21,SHO17,*
PUE21,NAV12,*
BUA21,GLE16,*
CLS21,GLR13,TONKS
SMB21,TWL16,*
KAL21,PLS18,GLR09
UHU21,USS16,LONGB
NAU21,CCH14,UHA14
SAE21,RUB12,WSD11
BOE21,CES17,HALFE
SIN21,BED17,GLR09
USS21,MEE05,TOK12
GLE21,SML13,*
CDY21,BOO14,STRAC
WIC21,SOX09,STRAC
BRZ21,ZEP14,*
CMA21,TWX08,*
MCU21,MNG09,WSD11
KKA21,WAL11,UHA14
DRO21,SPY15,LAURE
MRC21,MCD14,*
RAS21,MTT08,WSD11
NAR21,NAV18,STRAC
ALL21,PUF06,EDD15
JMC21,RAS13,*
NNE21,NANEA,*
CCY21,ONY16,WSD11
RHA21,EMU18,D0568
JAH21,RAS16,UHA14
SHO21,CND12,GLR09
BOL21,CHM17,SPOCK
VOR21,EDD13,*
REG21,RAS14,*
BCA21,CBS09,GLR09
HAN21,JAE08,SPOCK
SML21,WHF10,WSD11
PRL21,SAP12,*
RDD21,CLK04,WSD11
DEW21,MNS12,LONGB
GIS21,ELK18,GLR09
BAU21,MCD12,UHA14
MAM21,VIP11,ARE16
UZH21,MLA18,WSD11
BAS21,QTZ14,RUNAW
DAK21,SOX08,GLR09
QUE21,PSS18,WSD11
VEL21,URC15,EDD15
WST21,LIA14,MNM15
GGZ21,CHD10,LAURE