estimate.ID,study.ID,method,h2,SE.h2
891,89,animal model (REML),0.253,0.152
2,1,parent-offspring regression,0.56,0.204
3,1,parent-offspring regression,0.226,0.238
359,40,animal model (REML),0.52,0.17
5,1,parent-offspring regression,0.562,0.172
6,1,parent-offspring regression,0.654,0.176
360,40,animal model (REML),0.34,0.13
8,1,parent-offspring regression,1.08,0.21
9,1,parent-offspring regression,0.494,0.194
892,89,animal model (REML),0.247,0.077
11,1,parent-offspring regression,0.462,0.166
12,1,parent-offspring regression,0.644,0.186
869,87,animal model (REML),0.43,0.066
14,1,parent-offspring regression,0.195,0.284
15,1,parent-offspring regression,0.486,0.192
16,1,parent-offspring regression,0.487,0.181
17,1,parent-offspring regression,0.278,0.258
18,1,parent-offspring regression,0.4,0.256
19,1,parent-offspring regression,0.327,0.133
20,1,parent-offspring regression,0.392,0.238
21,1,parent-offspring regression,0.206,0.188
22,1,parent-offspring regression,0.611,0.163
23,1,parent-offspring regression,0.518,0.228
24,1,parent-offspring regression,0.682,0.19
25,1,parent-offspring regression,0.702,0.13
26,1,parent-offspring regression,0.9,0.236
27,1,parent-offspring regression,0.564,0.234
1215,128,animal model (REML),0.031,0.012
29,1,parent-offspring regression,0.432,0.204
30,1,parent-offspring regression,0.414,0.236
1217,128,animal model (REML),0.044,0.013
32,1,parent-offspring regression,0.768,0.218
33,1,parent-offspring regression,1.086,0.174
1831,198,animal model (REML),0,0.045
35,1,parent-offspring regression,-0.087,0.168
36,1,parent-offspring regression,0.183,0.182
1832,198,animal model (REML),0,0.029
2154,254,animal model (REML),0.138,0.158
2155,254,animal model (REML),0.369,0.224
1827,198,animal model (REML),0.001,0.04
1828,198,animal model (REML),0,0.032
1821,198,animal model (REML),0.002,0.036
1822,198,animal model (REML),0,0.036
124,11,animal model (REML),0.378,0.081
125,11,animal model (REML),0.205,0.134
325,33,animal model (REML),0,
326,33,animal model (REML),0,
692,73,animal model (REML),0.02,0.06
693,73,animal model (REML),0,0.056
880,89,animal model (REML),0.002,0.036
881,89,animal model (REML),0.017,0.087
882,89,animal model (REML),0,0.031
883,89,animal model (REML),0,0.033
1064,98,parent-offspring regression,0.21,0.06
1065,98,parent-offspring regression,0.07,0.06
1066,98,parent-offspring regression,0.01,0.05
1067,98,parent-offspring regression,0.02,0.05
58,2,animal model (REML),0.054,0.098
59,2,animal model (REML),0.065,0.122
60,2,parent-offspring regression,0.066,0.164
61,3,parent-offspring regression,0.53,0.1
62,3,parent-offspring regression,0.57,0.16
63,3,parent-offspring regression,0.63,0.15
64,3,parent-offspring regression,0.53,0.23
65,4,parent-offspring regression,0.52,0.035
66,5,parent-offspring regression,0.62,0.28
67,5,parent-offspring regression,0.44,0.32
68,5,parent-offspring regression,0.41,0.2
69,5,parent-offspring regression,1.05,0.14
70,5,parent-offspring regression,0.86,0.23
71,5,parent-offspring regression,0.68,0.12
72,5,parent-offspring regression,0.91,0.32
73,5,parent-offspring regression,0.84,0.15
74,5,parent-offspring regression,0.78,0.3
1230,131,parent-offspring regression,0.68,0.29
1231,131,parent-offspring regression,0.4,0.32
1233,131,parent-offspring regression,0.81,0.34
1234,131,parent-offspring regression,0.62,0.28
1235,131,parent-offspring regression,0.66,0.32
1240,131,parent-offspring regression,-0.1,
81,7,parent-offspring regression,-0.07,
82,7,parent-offspring regression,-0.05,
83,7,parent-offspring regression,-0.17,
84,7,parent-offspring regression,-0.06,
85,7,parent-offspring regression,-0.06,
86,7,parent-offspring regression,-0.14,
87,7,parent-offspring regression,0.37,
88,7,parent-offspring regression,0.06,
89,7,parent-offspring regression,0.02,
90,7,parent-offspring regression,0.1,
91,7,parent-offspring regression,0.31,
92,7,parent-offspring regression,0.15,
93,7,parent-offspring regression,-0.14,
94,7,parent-offspring regression,-0.11,
95,7,parent-offspring regression,-0.22,
96,7,parent-offspring regression,0.35,0.16
97,8,animal model (REML),0.217,0.048
1242,131,parent-offspring regression,0.05,0.46
1243,131,parent-offspring regression,0.19,0.48
1244,131,parent-offspring regression,0.19,0.5
1467,153,animal model (REML),0,
1468,153,animal model (REML),0.36,0.29
1767,197,animal model (REML),0.207,0.1
1768,197,animal model (REML),0.013,0.1
1823,198,animal model (REML),0,0.045
1824,198,animal model (REML),0,0.032
1825,198,animal model (REML),0,0.046
1826,198,animal model (REML),0,0.037
1829,198,animal model (REML),0,0.052
1830,198,animal model (REML),0,0.043
1971,219,animal model (REML),0.002,0.001173469
1972,219,animal model (REML),0.002,0.001658163
1973,219,animal model (REML),0.005,0.00377551
1974,219,animal model (REML),0.001,0.00252551
1224,130,parent-offspring regression,0.41,0.22
1225,130,animal model (REML),0.14,0.07
117,10,animal model (REML),0.321,0.106
118,10,animal model (REML),0.386,0.121
119,10,animal model (REML),0.263,0.092
120,10,animal model (REML),0.128,0.094
116,9,animal model (REML),0.118,0.063
122,11,animal model (REML),0.358,0.101
123,11,animal model (REML),0.145,0.161
121,10,animal model (REML),0.129,0.034
243,28,animal model (REML),0.083,0.049
244,28,animal model (REML),0.088,0.04
329,33,animal model (REML),0.16,0.15
128,12,animal model (REML),0.08,0.041
698,73,animal model (REML),0.293,0.12
130,13,parent-offspring regression,0.81,0.17
131,13,parent-offspring regression,0.95,0.22
132,13,full-sib,0.78,0.19
133,13,parent-offspring regression,0.91,0.09
134,13,parent-offspring regression,0.61,0.13
135,13,parent-offspring regression,0.61,0.19
136,13,full-sib,0.32,0.2
137,13,parent-offspring regression,0.71,0.1
138,13,parent-offspring regression,0.61,0.17
139,13,parent-offspring regression,0.82,0.24
140,13,full-sib,0.42,0.2
141,13,parent-offspring regression,0.84,0.14
142,13,parent-offspring regression,0.37,0.14
143,13,full-sib,0.64,0.2
144,13,parent-offspring regression,0.55,0.18
145,13,parent-offspring regression,0.35,0.1
146,13,parent-offspring regression,0.96,0.17
147,13,parent-offspring regression,1.02,0.22
148,13,full-sib,0.99,0.18
149,13,parent-offspring regression,0.9,0.1
150,13,parent-offspring regression,0.92,0.17
151,13,full-sib,1.11,0.17
152,13,parent-offspring regression,0.75,0.27
153,13,parent-offspring regression,0.65,0.15
154,13,parent-offspring regression,0.87,0.15
155,13,full-sib,1.12,0.17
156,13,parent-offspring regression,1.03,0.19
157,13,parent-offspring regression,0.79,0.09
158,13,parent-offspring regression,0.37,0.32
159,13,parent-offspring regression,0.14,0.58
160,13,parent-offspring regression,0.58,0.39
161,13,full-sib,0.35,0.39
162,13,parent-offspring regression,1.26,0.36
163,13,parent-offspring regression,0.94,0.39
164,13,parent-offspring regression,0.92,0.23
165,13,full-sib,0.88,0.35
166,13,parent-offspring regression,0.19,0.42
167,13,parent-offspring regression,0.11,0.42
168,13,parent-offspring regression,0.12,0.26
169,13,full-sib,0.35,0.39
170,13,parent-offspring regression,0.62,0.22
171,13,parent-offspring regression,-0.17,0.34
172,13,parent-offspring regression,0.6,0.2
173,13,full-sib,0.06,0.38
174,13,parent-offspring regression,0.44,0.41
175,13,parent-offspring regression,-0.18,0.7
176,13,parent-offspring regression,0.34,0.42
177,13,full-sib,0.56,0.39
178,13,parent-offspring regression,1.29,0.3
179,13,parent-offspring regression,0.04,0.33
180,13,parent-offspring regression,0.32,0.24
181,13,full-sib,0.3,0.39
182,13,parent-offspring regression,0.02,0.37
183,13,parent-offspring regression,-0.01,0.45
184,13,parent-offspring regression,0.14,0.32
185,13,full-sib,0.56,0.39
186,14,parent-offspring regression,0.38,0.36
187,14,parent-offspring regression,0.97,0.49
188,14,parent-offspring regression,0.53,0.37
189,14,full-sib,0.65,0.41
190,14,parent-offspring regression,0.74,0.26
191,14,parent-offspring regression,1.1,0.42
192,14,parent-offspring regression,0.84,0.23
193,14,full-sib,0.8,0.38
194,14,parent-offspring regression,0.46,0.31
195,14,parent-offspring regression,0.38,0.3
196,14,parent-offspring regression,0.43,0.22
197,14,full-sib,0.27,0.44
198,14,parent-offspring regression,1.06,0.27
199,14,parent-offspring regression,1.09,0.42
200,14,parent-offspring regression,0.95,0.19
201,14,full-sib,0.99,0.35
202,14,parent-offspring regression,0.61,0.26
203,14,parent-offspring regression,0.15,0.32
204,14,parent-offspring regression,0.48,0.32
205,14,full-sib,0.78,0.39
206,14,parent-offspring regression,0.75,0.3
207,14,parent-offspring regression,1.17,0.32
208,14,parent-offspring regression,0.62,0.22
209,14,full-sib,1.34,0.25
210,14,parent-offspring regression,0.94,0.23
211,14,parent-offspring regression,0.95,0.26
212,14,parent-offspring regression,0.82,0.15
213,14,full-sib,1.41,0.23
214,15,animal model (REML),0.46,0.19
215,15,animal model (REML),0.81,0.22
216,15,animal model (REML),0.63,0.11
217,15,animal model (REML),0.57,0.19
218,15,animal model (REML),0.86,0.13
219,16,parent-offspring regression,0.72,0.232
220,17,animal model (REML),0.145,0.04
221,17,animal model (REML),0.041,0.038
222,18,animal model (REML),0,0.005
223,18,animal model (REML),0.087,0.088
224,19,animal model (REML),0.037,0.02
225,19,animal model (REML),0.043,0.016
226,20,animal model (REML),0.11,0.013
699,73,animal model (REML),0.194,0.3
232,23,animal model (REML),0.43,0.07
233,23,animal model (REML),0.2,0.12
234,24,animal model (REML),0.635,0.185
235,24,animal model (REML),0.045,0.051
236,24,animal model (REML),0.467,0.063
237,24,animal model (REML),0.289,0.05
1238,131,parent-offspring regression,0.53,0.33
1246,131,parent-offspring regression,-0.42,
240,26,animal model (REML),0.002,0.054
241,27,animal model (REML),0,
129,12,animal model (REML),0.21,0.07
1475,153,animal model (REML),0.09,0.13
1476,153,animal model (REML),0.11,0.15
245,29,animal model (REML),0.32,0.13
246,29,animal model (REML),0.76,0.25
247,30,animal model (MCMC),0.36,0.13
248,30,animal model (REML),0.06,0.05
249,30,parent-offspring regression,0.312,
250,30,parent-offspring regression,0.86,
251,30,parent-offspring regression,0.586,
252,30,parent-offspring regression,0.618,
253,31,animal model (REML),0.45,0.133
254,31,parent-offspring regression,0.25,
255,31,animal model (REML),0.97,0.092
256,31,parent-offspring regression,0.9,
257,31,animal model (REML),0.52,0.106
258,31,parent-offspring regression,0.44,
259,31,animal model (REML),0.44,0.11
260,31,parent-offspring regression,0.4,
261,31,parent-offspring regression,0.91,
262,31,animal model (REML),0.88,0.082
263,31,animal model (REML),0.67,0.085
264,31,parent-offspring regression,0.67,
265,31,parent-offspring regression,1.04,
266,31,animal model (REML),0.99,
267,31,animal model (REML),0.26,0.096
268,31,parent-offspring regression,0.08,
269,31,animal model (REML),0,0.078
270,31,parent-offspring regression,-0.21,
271,31,animal model (REML),0.68,0.111
272,31,parent-offspring regression,0.66,
273,31,parent-offspring regression,0.64,
274,31,animal model (REML),0.58,0.12
275,31,animal model (REML),0.48,0.105
276,31,parent-offspring regression,0.39,
277,31,animal model (REML),0.62,0.081
278,31,parent-offspring regression,0.56,
279,31,animal model (REML),0.38,0.113
280,31,parent-offspring regression,0.18,
281,31,animal model (REML),0.5,0.131
282,31,parent-offspring regression,0.39,
283,31,animal model (REML),0.35,0.095
284,31,parent-offspring regression,0.26,
285,31,parent-offspring regression,0.47,
286,31,animal model (REML),0.46,0.092
287,31,animal model (REML),0.58,0.102
288,31,parent-offspring regression,0.53,
289,31,parent-offspring regression,0.77,
290,31,animal model (REML),0.73,0.083
291,31,parent-offspring regression,0.53,
292,31,animal model (REML),0.47,0.097
293,31,animal model (REML),0.35,0.169
294,31,parent-offspring regression,0.26,
295,31,animal model (REML),0.86,0.072
296,31,parent-offspring regression,0.82,
297,31,animal model (REML),0.68,0.076
298,31,parent-offspring regression,0.68,
299,31,animal model (REML),0.38,0.115
300,31,parent-offspring regression,0.23,
301,31,animal model (REML),0.49,0.114
302,31,parent-offspring regression,0.49,
303,31,animal model (REML),0.99,
304,31,parent-offspring regression,0.96,
305,31,animal model (REML),0.28,0.093
306,31,parent-offspring regression,0.21,
307,32,animal model (REML),0.26,0.06
308,32,animal model (REML),0.17,0.05
309,32,animal model (REML),0.17,0.06
310,32,animal model (REML),0.09,0.03
311,32,animal model (REML),0.05,0.04
312,32,animal model (REML),0.26,0.06
313,32,animal model (REML),0.13,0.08
314,32,animal model (REML),0.15,0.09
227,21,animal model (REML),0.04,0.017
1473,153,animal model (REML),0,
1474,153,animal model (REML),0,
1975,219,animal model (REML),0.001,0.001454082
1976,219,animal model (REML),0.001,0.000943878
320,33,animal model (REML),0,
1977,219,animal model (REML),0.003,0.002908163
1978,219,animal model (REML),0.001,0.002244898
702,73,animal model (REML),0,0.003
703,73,animal model (REML),0.084,0.076
242,27,animal model (REML),0.195,0.058
389,50,animal model (REML),0.29,0.05
390,50,animal model (REML),0.26,0.05
478,62,animal model (REML),0.148,
482,62,animal model (REML),0.176,
483,62,animal model (REML),0.237,
484,62,animal model (REML),0.383,
890,89,animal model (REML),0.334,0.042
1070,98,parent-offspring regression,0.35,0.08
1472,153,animal model (REML),0,
1856,198,animal model (REML),0.15,0.167
1857,198,animal model (REML),0.056,0.139
2020,222,animal model (REML),0.83,0.48
338,35,animal model (REML),0.69,0.1
339,35,animal model (REML),0.41,0.11
340,36,parent-offspring regression,0.78,0.26
341,36,parent-offspring regression,0.62,0.28
342,36,parent-offspring regression,0.64,0.18
343,36,parent-offspring regression,0.68,0.18
344,36,parent-offspring regression,0.61,0.23
345,36,parent-offspring regression,0.61,0.13
352,39,parent-offspring regression,0.1,0.025
353,39,parent-offspring regression,0.154,0.029
354,39,parent-offspring regression,0.186,0.044
355,39,parent-offspring regression,0.174,0.03
356,39,parent-offspring regression,0.125,0.033
357,39,parent-offspring regression,0.292,0.061
358,40,animal model (REML),0.6,0.2
2021,222,animal model (REML),0.35,0.03
385,50,animal model (REML),0.45,0.06
361,41,parent-offspring regression,0.44,0.16
362,42,parent-offspring regression,0.61,0.19
363,43,parent-offspring regression,0.34,0.08
386,50,animal model (REML),0.51,0.06
365,44,animal model (REML),0.035,0.031
366,45,parent-offspring regression,1.72,
367,45,parent-offspring regression,0.62,
368,45,parent-offspring regression,1.98,0.56
369,45,parent-offspring regression,1.4,0.76
370,45,parent-offspring regression,-0.14,0.48
371,45,parent-offspring regression,-0.28,0.38
889,89,animal model (REML),0.396,0.086
364,44,animal model (REML),0.086,0.023
327,33,animal model (REML),0.07,0.02
697,73,animal model (REML),0.461,0.15
1236,131,parent-offspring regression,0.76,0.51
1237,131,parent-offspring regression,0.05,0.38
1245,131,parent-offspring regression,-0.41,
1471,153,animal model (REML),0.57,0.02
887,89,animal model (REML),0,0.033
888,89,animal model (REML),0,0.047
885,89,animal model (REML),0.013,0.118
886,89,animal model (REML),0.026,0.036
114,9,animal model (REML),0.072,0.188
1854,198,animal model (REML),0,0.438
115,9,animal model (REML),0.474,0.113
387,50,animal model (REML),0.16,0.03
388,50,animal model (REML),0.09,0.03
126,11,animal model (REML),0.425,0.08
127,11,animal model (REML),0.269,0.13
391,51,parent-offspring regression,-0.08,0.24
392,51,parent-offspring regression,-0.2,0.16
393,51,parent-offspring regression,-0.5,0.24
394,51,parent-offspring regression,0.2,0.2
1068,98,parent-offspring regression,0,0.06
396,53,animal model (REML),0.17,0.031
397,53,animal model (REML),0.25,0.034
398,54,parent-offspring regression,0.463,0.044
399,54,parent-offspring regression,0.512,0.056
400,54,parent-offspring regression,0.521,0.052
401,54,parent-offspring regression,0.145,0.071
402,54,parent-offspring regression,0.141,0.091
403,54,parent-offspring regression,0.028,0.069
404,54,parent-offspring regression,0.143,0.116
405,54,parent-offspring regression,0.127,0.081
406,54,parent-offspring regression,0.02,0.096
407,54,parent-offspring regression,0.179,0.125
408,54,parent-offspring regression,0.157,0.142
409,54,parent-offspring regression,0.043,0.102
410,54,parent-offspring regression,0.389,0.109
411,54,parent-offspring regression,0.255,0.081
412,54,parent-offspring regression,0.158,0.079
413,54,parent-offspring regression,0.327,0.155
414,54,parent-offspring regression,0.212,0.123
415,54,parent-offspring regression,0.148,0.109
416,54,parent-offspring regression,0.37,0.14
417,54,parent-offspring regression,0.277,0.1
418,54,parent-offspring regression,0.115,0.108
419,54,parent-offspring regression,0.44,0.05
420,54,parent-offspring regression,0.024,0.074
421,54,parent-offspring regression,0.018,0.057
422,54,parent-offspring regression,0.008,0.054
423,54,parent-offspring regression,0.046,0.089
424,54,parent-offspring regression,0.045,0.07
425,54,parent-offspring regression,0.008,0.07
426,54,parent-offspring regression,0.015,0.081
427,54,parent-offspring regression,-0.008,0.117
428,54,parent-offspring regression,-0.025,0.088
429,54,parent-offspring regression,0.171,0.072
430,54,parent-offspring regression,0.094,0.054
431,54,parent-offspring regression,0.078,0.051
432,54,parent-offspring regression,0.064,0.102
433,54,parent-offspring regression,0.047,0.078
434,54,parent-offspring regression,0.035,0.073
435,54,parent-offspring regression,0.244,0.089
436,54,parent-offspring regression,0.114,0.063
437,54,parent-offspring regression,0.111,0.067
438,55,parent-offspring regression,0.97,0.11
439,55,parent-offspring regression,0.48,0.13
440,56,parent-offspring regression,0.474,0.196
441,56,parent-offspring regression,0.474,0.234
442,56,parent-offspring regression,0.54,0.29
443,56,parent-offspring regression,0.996,0.298
444,57,parent-offspring regression,0.006,0.15
445,58,parent-offspring regression,0.584,0.106
446,58,parent-offspring regression,0.416,0.177
447,58,parent-offspring regression,0.364,0.151
448,58,parent-offspring regression,0.474,0.147
449,58,parent-offspring regression,0.731,0.121
450,58,parent-offspring regression,0.431,0.136
451,58,parent-offspring regression,0.483,0.15
452,58,parent-offspring regression,0.505,0.144
453,58,parent-offspring regression,0.7,0.119
454,58,parent-offspring regression,0.687,0.142
455,58,parent-offspring regression,0.043,0.141
456,58,parent-offspring regression,0.371,0.122
457,58,parent-offspring regression,0.434,0.125
458,58,parent-offspring regression,-0.005,0.173
459,58,parent-offspring regression,-0.016,0.131
460,58,parent-offspring regression,0.008,0.128
461,58,parent-offspring regression,-0.014,0.158
462,58,parent-offspring regression,-0.016,0.154
463,58,parent-offspring regression,0,0.182
464,58,parent-offspring regression,0.288,0.118
465,58,parent-offspring regression,0.322,0.145
466,59,parent-offspring regression,0.62,0.33
467,59,parent-offspring regression,0.6,0.29
468,59,parent-offspring regression,0.5,0.19
469,60,parent-offspring regression,0.34,0.23
470,60,parent-offspring regression,0.93,0.24
471,60,parent-offspring regression,1.2,0.27
472,60,parent-offspring regression,0.55,0.24
473,61,animal model (REML),0.042,0.023
474,61,animal model (REML),0.497,0.067
475,62,animal model (REML),0.265,
476,62,animal model (REML),0.09,
477,62,animal model (REML),0.104,
1069,98,parent-offspring regression,0.15,0.06
479,62,animal model (REML),0.116,
480,62,animal model (REML),0.133,
481,62,animal model (REML),0.163,
1272,133,animal model (REML),0.15,0.04
323,33,animal model (REML),0,
324,33,animal model (REML),0.07,0.14
695,73,animal model (REML),0.006,0.086
696,73,animal model (REML),0,0.054
700,73,animal model (REML),0,0.001
701,73,animal model (REML),0,0.001
878,89,animal model (REML),0.039,0.111
879,89,animal model (REML),0,0.067
491,64,animal model (REML),0.071,
492,64,animal model (REML),0.15,
493,64,animal model (REML),0.074,
494,64,animal model (REML),0.127,
495,64,animal model (REML),0.118,
496,64,animal model (REML),0.195,
497,64,animal model (REML),0.091,
498,64,animal model (REML),0.097,
499,64,animal model (REML),0.149,
500,64,animal model (REML),0.093,
501,64,animal model (REML),0.071,
502,64,animal model (REML),0.069,
503,64,animal model (REML),0.079,
504,64,animal model (REML),0.098,
505,64,animal model (REML),0.07,
506,64,animal model (REML),0.266,
507,64,animal model (REML),0.086,
508,64,animal model (REML),0.108,
509,64,animal model (REML),0.092,
510,64,animal model (REML),0.185,
511,64,animal model (REML),0.2,
512,64,animal model (REML),0.126,
513,64,animal model (REML),0.085,
514,64,animal model (REML),0.069,
515,64,animal model (REML),0.073,
516,64,animal model (REML),0.268,
517,64,animal model (REML),0.093,
518,64,animal model (REML),0.07,
519,64,animal model (REML),0.158,
520,64,animal model (REML),0.119,
521,64,animal model (REML),0.115,
522,64,animal model (REML),0.118,
523,64,animal model (REML),0.155,
524,64,animal model (REML),0.126,
525,64,animal model (REML),0.071,
1232,131,parent-offspring regression,0.46,0.24
1241,131,parent-offspring regression,0.32,0.42
1465,153,animal model (REML),0.21,0.11
1466,153,animal model (REML),0,
1819,198,animal model (REML),0,0.054
1820,198,animal model (REML),0,0.048
1967,219,animal model (REML),0.003,0.001760204
1968,219,animal model (REML),0.002,0.002040816
1969,219,animal model (REML),0.009,0.005765306
1970,219,animal model (REML),0.003,0.004081633
1216,128,animal model (REML),0.026,0.01
322,33,animal model (REML),0.06,0.03
538,66,animal model (REML),0.406,
1850,198,animal model (REML),0,0.2
1851,198,animal model (REML),0,0.17
541,66,animal model (REML),0.475,0.05
1848,198,animal model (REML),0,0.121
1849,198,animal model (REML),0.051,0.306
544,66,animal model (REML),0.75,0.046
1846,198,animal model (REML),0.167,0.219
1847,198,animal model (REML),0.184,0.239
547,66,animal model (REML),0.197,0.041
548,66,animal model (REML),0.474,0.099
549,66,animal model (REML),0.182,0.071
550,66,animal model (REML),0.484,0.029
694,73,animal model (REML),0.096,0.16
1762,196,animal model (MCMC),0.03,0.028
553,66,animal model (REML),0.315,0.047
1463,153,animal model (REML),0,0.02
1464,153,animal model (REML),0,
556,67,parent-offspring regression,0.28,0.25
557,67,parent-offspring regression,0.6,0.38
558,67,parent-offspring regression,0.28,0.4
559,67,parent-offspring regression,0.66,0.36
560,67,parent-offspring regression,-0.06,0.34
561,67,parent-offspring regression,0.47,0.29
562,67,parent-offspring regression,0.3,0.13
563,67,parent-offspring regression,0.7,0.24
564,67,parent-offspring regression,0.5,0.25
565,67,parent-offspring regression,0.46,0.23
566,67,parent-offspring regression,0.14,0.22
567,67,parent-offspring regression,0.04,0.16
568,67,parent-offspring regression,0.41,0.2
569,67,parent-offspring regression,0.5,0.34
570,67,parent-offspring regression,0.42,0.3
571,67,parent-offspring regression,0.7,0.42
572,67,parent-offspring regression,-0.02,0.66
573,67,parent-offspring regression,0.31,0.3
574,67,parent-offspring regression,0.63,0.17
575,67,parent-offspring regression,0.58,0.26
576,67,parent-offspring regression,0.54,0.27
577,67,parent-offspring regression,0.46,0.22
578,67,parent-offspring regression,0.1,0.26
579,67,parent-offspring regression,0.19,0.17
1844,198,animal model (REML),0,0.146
1845,198,animal model (REML),0,0.103
1461,153,animal model (REML),0,0.02
1462,153,animal model (REML),0,
584,69,parent-offspring regression,0.58,0.09
585,69,parent-offspring regression,0.34,0.18
586,69,parent-offspring regression,0.62,0.11
587,69,parent-offspring regression,0.5,0.1
588,69,parent-offspring regression,0.5,0.13
589,69,parent-offspring regression,0.42,0.17
590,69,parent-offspring regression,0.53,0.09
591,69,parent-offspring regression,0.58,0.16
592,69,parent-offspring regression,0.57,0.14
593,69,parent-offspring regression,0.55,0.1
594,69,parent-offspring regression,0.5,0.16
595,69,parent-offspring regression,0.69,0.15
596,69,parent-offspring regression,0.51,0.12
597,69,parent-offspring regression,0.67,0.2
598,69,parent-offspring regression,0.51,0.18
599,69,parent-offspring regression,0.43,0.1
600,69,parent-offspring regression,0.3,0.17
601,69,parent-offspring regression,0.71,0.18
602,69,parent-offspring regression,0.45,0.09
603,69,parent-offspring regression,0.46,0.17
604,69,parent-offspring regression,0.58,0.14
605,69,parent-offspring regression,0.31,0.24
606,69,parent-offspring regression,0.28,0.19
607,69,parent-offspring regression,0.26,0.33
608,69,parent-offspring regression,0.41,0.08
609,69,parent-offspring regression,0.52,0.13
610,69,parent-offspring regression,0.4,0.15
611,69,parent-offspring regression,0.53,0.17
612,69,parent-offspring regression,0.31,0.2
613,69,parent-offspring regression,0.54,0.2
614,69,parent-offspring regression,0.78,0.24
615,69,grandparent-offspring regression,0.73,0.29
616,69,parent-offspring regression,0.78,0.38
617,69,parent-offspring regression,0.89,0.1
618,69,parent-offspring regression,0.58,0.2
619,69,parent-offspring regression,0.89,0.15
620,69,parent-offspring regression,0.89,0.25
621,69,parent-offspring regression,0.56,0.29
622,69,parent-offspring regression,0.36,0.32
623,69,parent-offspring regression,0.83,0.1
624,69,parent-offspring regression,0.79,0.15
625,69,parent-offspring regression,0.69,0.18
626,69,parent-offspring regression,0.83,0.16
627,69,parent-offspring regression,0.43,0.23
628,69,parent-offspring regression,0.92,0.19
629,69,parent-offspring regression,0.82,0.27
630,69,grandparent-offspring regression,1.01,0.4
631,69,parent-offspring regression,1.07,0.41
632,69,parent-offspring regression,0.56,0.1
633,69,parent-offspring regression,0.65,0.17
634,69,parent-offspring regression,0.49,0.15
635,69,parent-offspring regression,0.84,0.22
636,69,parent-offspring regression,0.62,0.23
637,69,parent-offspring regression,0.6,0.12
638,69,parent-offspring regression,0.53,0.1
639,69,parent-offspring regression,0.33,0.16
640,69,parent-offspring regression,0.79,0.16
641,69,parent-offspring regression,0.45,0.19
642,69,parent-offspring regression,0.59,0.23
643,69,parent-offspring regression,0.58,0.23
644,69,parent-offspring regression,0.66,0.25
645,69,grandparent-offspring regression,1.4,0.37
646,69,parent-offspring regression,0.09,0.21
647,69,parent-offspring regression,0.84,0.08
648,69,parent-offspring regression,0.94,0.17
649,69,parent-offspring regression,0.76,0.15
650,69,parent-offspring regression,1.35,0.22
651,69,parent-offspring regression,0.89,0.12
652,69,parent-offspring regression,0.79,0.28
653,69,parent-offspring regression,0.66,0.09
654,69,parent-offspring regression,0.54,0.14
655,69,parent-offspring regression,0.91,0.15
656,69,parent-offspring regression,0.68,0.18
657,69,parent-offspring regression,0.8,0.22
658,69,parent-offspring regression,1.02,0.19
659,69,parent-offspring regression,1.06,0.19
660,69,grandparent-offspring regression,1.08,0.36
661,69,parent-offspring regression,0.86,0.4
662,69,parent-offspring regression,0.81,0.09
663,69,parent-offspring regression,0.66,0.18
664,69,parent-offspring regression,0.79,0.14
665,69,parent-offspring regression,0.67,0.09
666,69,parent-offspring regression,0.58,0.13
667,69,parent-offspring regression,0.68,0.16
668,69,parent-offspring regression,0.97,0.08
669,69,parent-offspring regression,1.12,0.17
670,69,parent-offspring regression,0.84,0.15
671,69,parent-offspring regression,0.79,0.08
672,69,parent-offspring regression,0.67,0.15
673,69,parent-offspring regression,1.09,0.16
674,69,parent-offspring regression,0.72,0.09
675,69,parent-offspring regression,0.8,0.16
676,69,parent-offspring regression,0.65,0.15
677,69,parent-offspring regression,0.56,0.09
678,69,parent-offspring regression,0.44,0.14
679,69,parent-offspring regression,0.77,0.15
680,70,parent-offspring regression,0.932,
681,70,parent-offspring regression,0.888,
682,71,animal model (REML),0.066,
1842,198,animal model (REML),0,0.158
1843,198,animal model (REML),0,0.096
685,72,animal model (REML),0.598,0.24
683,71,animal model (REML),0.064,0.03
684,71,animal model (REML),0.124,0.115
113,9,animal model (REML),0.336,0.117
1459,153,animal model (REML),0,
1460,153,animal model (REML),0,
328,33,animal model (REML),0.25,0.04
1840,198,animal model (REML),0,0.199
1841,198,animal model (REML),0,0.186
1838,198,animal model (REML),0,0.109
1839,198,animal model (REML),0,0.262
1836,198,animal model (REML),0,0.194
1837,198,animal model (REML),0.101,0.198
1834,198,animal model (REML),0,0.599
1835,198,animal model (REML),0.001,0.448
2044,229,animal model (REML),0,0.05
1874,202,animal model (MCMC),0.001,0.02
1833,198,animal model (REML),0,
321,33,animal model (REML),0.16,0.04
704,74,animal model (REML),0.329,0.12
1761,196,animal model (MCMC),0.08,0.06
1229,131,parent-offspring regression,0.7,0.4
707,75,animal model (REML),0.18,0.12
708,75,animal model (REML),0.22,0.05
709,75,animal model (REML),0.22,0.16
710,76,parent-offspring regression,0.28,0.35
711,76,parent-offspring regression,0.19,0.29
712,76,parent-offspring regression,0.16,0.29
713,76,full-sib,0,
714,76,parent-offspring regression,0.45,0.19
715,76,parent-offspring regression,0.73,0.2
716,76,parent-offspring regression,0.53,0.14
717,76,full-sib,1.35,0.2
718,76,parent-offspring regression,0.41,0.36
719,76,parent-offspring regression,1.24,0.36
720,76,parent-offspring regression,0.67,0.24
721,76,full-sib,1.41,0.21
722,76,parent-offspring regression,0.16,0.32
723,76,parent-offspring regression,0.22,0.28
724,76,parent-offspring regression,0.1,0.23
725,76,full-sib,0,
726,76,parent-offspring regression,0.56,0.16
727,76,parent-offspring regression,0.73,0.16
728,76,parent-offspring regression,0.56,0.11
729,76,full-sib,0.84,0.28
730,76,parent-offspring regression,0.34,0.31
731,76,parent-offspring regression,1.13,0.32
732,76,parent-offspring regression,0.49,0.22
733,76,full-sib,1.3,0.24
734,76,parent-offspring regression,0.36,0.33
735,76,parent-offspring regression,0.07,0.26
736,76,parent-offspring regression,0.1,0.21
737,76,full-sib,0,
738,76,parent-offspring regression,0.5,0.17
739,76,parent-offspring regression,0.51,0.16
740,76,parent-offspring regression,0.44,0.11
741,76,full-sib,0.52,0.31
742,76,parent-offspring regression,0.28,0.3
743,76,parent-offspring regression,0.77,0.28
744,76,parent-offspring regression,0.44,0.2
745,76,full-sib,0.92,0.31
746,76,parent-offspring regression,0.07,0.26
747,76,parent-offspring regression,0.41,0.33
748,76,parent-offspring regression,0.14,0.23
749,76,full-sib,0.71,0.55
750,76,parent-offspring regression,0.55,0.13
751,76,parent-offspring regression,0.64,0.18
752,76,parent-offspring regression,0.6,0.1
753,76,full-sib,0.57,0.31
754,76,parent-offspring regression,0.31,0.27
755,76,parent-offspring regression,0.67,0.27
756,76,parent-offspring regression,0.31,0.17
757,76,full-sib,0.69,0.35
758,77,parent-offspring regression,0.23,0.11
759,77,parent-offspring regression,0.29,0.11
760,77,parent-offspring regression,0.23,0.08
761,77,parent-offspring regression,0.23,0.11
762,77,parent-offspring regression,0.22,0.11
763,77,parent-offspring regression,0.18,0.08
764,77,parent-offspring regression,0.38,0.18
765,77,parent-offspring regression,0.32,0.2
766,77,full-sib,0.12,0.2
767,77,parent-offspring regression,0.33,0.14
768,77,full-sib,0.86,0.26
769,77,full-sib,0.23,0.44
770,78,parent-offspring regression,0.91,0.19
771,78,parent-offspring regression,0.35,0.18
772,78,parent-offspring regression,0.58,0.14
773,78,full-sib,1.28,0.17
774,78,parent-offspring regression,1.04,0.24
775,78,parent-offspring regression,0.37,0.22
776,78,parent-offspring regression,0.58,0.16
777,78,parent-offspring regression,0.32,0.22
778,78,parent-offspring regression,0.65,0.26
779,78,parent-offspring regression,0.47,0.19
780,78,parent-offspring regression,0.79,0.17
781,78,parent-offspring regression,0.48,0.15
782,78,parent-offspring regression,0.54,0.11
783,78,full-sib,0.86,0.24
784,78,parent-offspring regression,0.96,0.21
785,78,parent-offspring regression,0.4,0.19
786,78,parent-offspring regression,0.46,0.13
787,78,parent-offspring regression,0.51,0.19
788,78,parent-offspring regression,0.57,0.21
789,78,parent-offspring regression,0.58,0.15
790,78,parent-offspring regression,0.57,0.15
791,78,parent-offspring regression,0.41,0.15
792,78,parent-offspring regression,0.41,0.11
793,78,full-sib,0.46,0.27
794,78,parent-offspring regression,0.59,0.19
795,78,parent-offspring regression,0.44,0.19
796,78,parent-offspring regression,0.36,0.13
797,78,parent-offspring regression,0.28,0.21
798,78,parent-offspring regression,0.51,0.19
799,78,parent-offspring regression,0.43,0.15
800,78,parent-offspring regression,0.52,0.15
801,78,parent-offspring regression,0.54,0.13
802,78,parent-offspring regression,0.51,0.1
803,78,full-sib,0.48,0.27
804,78,parent-offspring regression,0.79,0.19
805,78,parent-offspring regression,0.39,0.16
806,78,parent-offspring regression,0.44,0.12
807,78,parent-offspring regression,0.61,0.16
808,78,parent-offspring regression,0.22,0.2
809,78,parent-offspring regression,0.5,0.13
810,78,parent-offspring regression,0.67,0.27
1228,131,parent-offspring regression,0.74,0.36
1239,131,parent-offspring regression,0.01,0.56
112,9,animal model (REML),0.682,0.406
111,9,animal model (REML),0.731,0.358
1144,115,animal model (REML),0.056,0.02
319,33,animal model (REML),0.32,0.07
1142,115,animal model (REML),0.365,0.112
2059,235,animal model (REML),0.18,0.04
529,65,animal model (REML),0.09,0.018
110,9,animal model (REML),0.517,0.33
34,1,parent-offspring regression,0.137,0.162
536,65,animal model (REML),0.333,0.034
537,65,animal model (REML),0.299,0.039
554,66,animal model (REML),0.256,0.078
555,66,animal model (REML),0.542,0.057
1062,98,parent-offspring regression,0.76,0.25
1063,98,parent-offspring regression,0.28,0.1
1457,153,animal model (REML),0.61,0.07
829,81,animal model (REML),0.017,0.05
830,81,animal model (REML),0.112,0.068
831,81,animal model (REML),0,
832,81,animal model (REML),0.066,0.065
833,81,animal model (REML),0,
834,81,animal model (REML),0.177,0.093
835,81,animal model (REML),0.08,0.07
836,81,animal model (REML),0.106,0.065
837,81,animal model (REML),0,
838,81,animal model (REML),0.087,0.067
839,81,animal model (REML),0,
840,81,animal model (REML),0.078,0.058
841,82,parent-offspring regression,1.19,0.34
842,82,parent-offspring regression,0.45,0.56
843,83,parent-offspring regression,0.562,0.109
844,83,parent-offspring regression,0.617,0.106
845,83,parent-offspring regression,0.128,0.09
846,83,parent-offspring regression,0.174,0.086
847,83,parent-offspring regression,0.53,0.265
848,83,parent-offspring regression,0.53,0.27
849,84,parent-offspring regression,0.564,0.258
850,84,parent-offspring regression,0.579,0.256
851,84,parent-offspring regression,0.734,0.21
852,84,parent-offspring regression,-0.046,0.298
853,84,parent-offspring regression,0.28,0.303
854,84,parent-offspring regression,0.212,0.212
1458,153,animal model (REML),0.67,0.07
1815,198,animal model (REML),0.287,0.138
1816,198,animal model (REML),0.063,0.094
1817,198,animal model (REML),0.177,0.341
1818,198,animal model (REML),0.006,0.292
1965,219,animal model (REML),0.64,0.07
2085,241,animal model (REML),0.279,0.179357143
31,1,parent-offspring regression,0.939,0.114
55,2,animal model (REML),0.717,0.034
56,2,animal model (REML),0.836,0.077
57,2,parent-offspring regression,0.974,0.114
534,65,animal model (REML),0.47,0.026
535,65,animal model (REML),0.5,0.07
870,88,parent-offspring regression,0.05,0.092
871,88,parent-offspring regression,-0.06,0.11
872,88,parent-offspring regression,-0.12,0.087
873,88,parent-offspring regression,0.05,0.027
551,66,animal model (REML),0.586,0.093
552,66,animal model (REML),0.539,0.054
1060,98,parent-offspring regression,0.41,0.08
1061,98,parent-offspring regression,0.47,0.1
1455,153,animal model (REML),0.25,0.15
1456,153,animal model (REML),0.76,0.07
1811,198,animal model (REML),0.334,0.126
1812,198,animal model (REML),0.414,0.121
1813,198,animal model (REML),0.232,0.299
1814,198,animal model (REML),0.097,0.294
884,89,animal model (REML),0.159,0.118
1963,219,animal model (REML),0.61,0.07
1964,219,animal model (REML),0.53,0.08
2068,237,animal model (MCMC),0.302,0.08
2069,237,animal model (MCMC),0.397,0.118
2070,237,animal model (MCMC),0.082,0.121
2084,241,animal model (REML),0.239,0.18830303
28,1,parent-offspring regression,0.439,0.139
52,2,animal model (REML),0.2,0.114
53,2,animal model (REML),0.461,0.137
900,92,animal model (REML),0.33,0.1
901,92,animal model (REML),0.5,0.082
902,92,animal model (REML),0.53,0.095
903,93,parent-offspring regression,0.68,0.377
904,93,parent-offspring regression,0.56,0.475
905,93,parent-offspring regression,0.219,0.418
906,93,parent-offspring regression,0.37,0.281
907,93,parent-offspring regression,1.08,0.354
908,93,parent-offspring regression,0.672,0.442
909,93,parent-offspring regression,0.484,0.384
910,93,parent-offspring regression,0.698,0.328
911,93,parent-offspring regression,0.345,0.327
912,93,parent-offspring regression,1.113,0.375
913,93,parent-offspring regression,0.735,0.394
914,93,parent-offspring regression,0.205,0.52
915,93,parent-offspring regression,0.439,0.436
916,93,parent-offspring regression,-0.227,0.41
917,93,parent-offspring regression,-0.005,0.52
918,93,parent-offspring regression,0.206,0.381
919,93,parent-offspring regression,-0.054,0.352
920,93,parent-offspring regression,1.034,0.335
921,93,parent-offspring regression,0.814,0.403
922,93,parent-offspring regression,0.725,0.322
923,93,parent-offspring regression,0.334,0.335
924,93,parent-offspring regression,0.593,0.465
925,93,parent-offspring regression,1.237,0.523
926,93,parent-offspring regression,1.105,0.447
927,94,full-sib,0.7,
928,94,parent-offspring regression,0.42,0.3
929,94,parent-offspring regression,0.67,0.18
930,94,parent-offspring regression,0.48,0.16
931,94,parent-offspring regression,0.64,0.25
932,94,parent-offspring regression,0.25,0.42
933,94,parent-offspring regression,0.35,0.48
934,94,full-sib,0.77,
935,94,parent-offspring regression,0.69,0.33
936,94,parent-offspring regression,0.72,0.17
937,94,parent-offspring regression,0.71,0.15
938,94,parent-offspring regression,0.74,0.2
939,94,parent-offspring regression,0.83,0.45
940,94,parent-offspring regression,0.65,0.18
941,95,full-sib,0.81,
942,95,parent-offspring regression,0.75,0.12
943,95,full-sib,0.82,
944,95,parent-offspring regression,0.61,0.12
945,95,full-sib,0.91,
946,95,parent-offspring regression,0.85,0.21
947,95,full-sib,0.56,
948,95,parent-offspring regression,0.87,0.29
949,95,full-sib,0.38,
950,95,parent-offspring regression,0.63,0.14
951,95,full-sib,0.32,
952,95,parent-offspring regression,0.49,0.15
953,95,full-sib,0.63,
954,95,parent-offspring regression,0.72,0.22
955,95,full-sib,0.12,
956,95,parent-offspring regression,0.76,0.52
957,96,parent-offspring regression,0.566,0.056
958,96,parent-offspring regression,0.579,0.064
959,96,parent-offspring regression,0.514,0.038
960,96,full-sib,0.678,0.057
961,96,parent-offspring regression,0.651,0.07
962,96,parent-offspring regression,0.527,0.066
963,96,parent-offspring regression,0.534,0.044
964,96,full-sib,1.046,0.045
965,96,parent-offspring regression,0.538,0.076
966,96,parent-offspring regression,0.427,0.074
967,96,parent-offspring regression,0.454,0.051
968,96,full-sib,0.429,0.058
969,96,parent-offspring regression,0.429,0.094
970,96,parent-offspring regression,0.296,0.067
971,96,parent-offspring regression,0.175,0.098
972,96,parent-offspring regression,0.648,0.116
973,96,parent-offspring regression,0.526,0.075
974,96,parent-offspring regression,0.489,0.114
975,96,parent-offspring regression,0.574,0.11
976,96,parent-offspring regression,0.521,0.116
977,96,parent-offspring regression,0.496,0.073
978,96,parent-offspring regression,0.608,0.116
979,96,parent-offspring regression,0.399,0.078
980,96,parent-offspring regression,0.203,0.104
981,96,parent-offspring regression,0.634,0.074
982,96,parent-offspring regression,0.542,0.074
983,96,parent-offspring regression,0.541,0.051
984,96,full-sib,0.581,0.057
985,96,parent-offspring regression,0.567,0.104
986,96,parent-offspring regression,0.313,0.102
987,96,parent-offspring regression,0.396,0.071
988,96,full-sib,0.716,0.07
989,96,full-sib,0.647,0.055
990,96,parent-offspring regression,0.43,0.068
991,96,parent-offspring regression,0.442,0.064
992,96,parent-offspring regression,0.411,0.045
993,96,full-sib,0.577,0.074
994,96,parent-offspring regression,0.468,0.112
995,96,parent-offspring regression,0.258,0.102
996,96,parent-offspring regression,0.378,0.072
997,97,parent-offspring regression,0.42,0.1
998,97,parent-offspring regression,0.32,0.09
999,97,parent-offspring regression,0.6,0.11
1000,97,parent-offspring regression,0.67,0.11
1001,97,parent-offspring regression,0.49,0.13
1002,97,parent-offspring regression,0.65,0.11
1003,97,parent-offspring regression,0.67,0.11
1004,97,parent-offspring regression,0.38,0.14
1005,97,parent-offspring regression,0.66,0.07
1006,97,parent-offspring regression,0.46,0.09
1007,97,parent-offspring regression,0.49,0.09
1008,97,parent-offspring regression,0.57,0.08
1009,97,parent-offspring regression,0.61,0.09
1010,97,parent-offspring regression,0.62,0.16
1011,97,parent-offspring regression,0.55,0.1
1012,97,parent-offspring regression,0.49,0.13
1013,97,parent-offspring regression,0.38,0.12
1014,97,parent-offspring regression,0.64,0.09
1015,97,parent-offspring regression,0.58,0.14
1016,97,parent-offspring regression,0.49,0.14
1017,97,parent-offspring regression,0.36,0.14
1018,97,parent-offspring regression,0.51,0.16
1019,97,parent-offspring regression,0.48,0.14
1020,97,parent-offspring regression,0.53,0.1
1021,97,parent-offspring regression,0.51,0.14
1022,97,parent-offspring regression,0.25,0.14
1023,97,parent-offspring regression,0.44,0.12
1024,97,parent-offspring regression,0.67,0.14
1025,97,parent-offspring regression,0.44,0.14
1026,97,parent-offspring regression,0.56,0.2
1027,97,parent-offspring regression,0.74,0.13
1028,97,parent-offspring regression,0.44,0.14
1029,97,parent-offspring regression,0.27,0.14
1030,97,parent-offspring regression,0.56,0.12
1031,97,parent-offspring regression,0.27,0.19
1032,97,parent-offspring regression,0.56,0.13
1033,97,parent-offspring regression,0.72,0.16
1034,97,parent-offspring regression,0.42,0.15
1035,97,parent-offspring regression,0.23,0.12
1036,97,parent-offspring regression,0.54,0.12
1037,97,parent-offspring regression,0.35,0.14
1038,97,parent-offspring regression,0.72,0.11
1039,97,parent-offspring regression,0.24,0.11
1040,97,parent-offspring regression,0.4,0.13
1041,97,parent-offspring regression,0.64,0.13
1042,97,parent-offspring regression,0.3,0.13
1043,97,parent-offspring regression,0.26,0.12
1044,97,parent-offspring regression,0.6,0.17
1045,97,parent-offspring regression,0.37,0.14
1046,97,parent-offspring regression,0.13,0.15
1047,97,parent-offspring regression,0.39,0.1
54,2,parent-offspring regression,0.39,0.123
893,90,animal model (MCMC),0.002,0.092
1058,98,parent-offspring regression,0.47,0.09
1059,98,parent-offspring regression,0.45,0.11
2083,241,animal model (REML),0.16,0.182
690,73,animal model (REML),0.112,0.067
691,73,animal model (REML),0.25,0.071
109,9,animal model (REML),0.525,0.359
2058,235,animal model (REML),0.34,0.05
318,33,animal model (REML),0.23,0.09
334,34,animal model (REML),0.28,0.02
335,34,animal model (REML),0.07,0.04
378,47,animal model (REML),0.239,0.015
383,49,animal model (REML),0.294,0.024
384,49,animal model (REML),0.199,0.031
486,63,animal model (REML),0.486,0.034
488,63,animal model (REML),0.447,0.053
490,63,animal model (REML),0.431,0.031
532,65,animal model (REML),0.353,0.026
533,65,animal model (REML),0.331,0.088
545,66,animal model (REML),0.293,0.074
546,66,animal model (REML),0.124,0.056
705,75,animal model (REML),0.02,0.15
1071,98,parent-offspring regression,0.41,0.08
1072,99,parent-offspring regression,0.78,0.16
1073,99,parent-offspring regression,0.62,0.2
1074,99,parent-offspring regression,0.65,0.11
1075,99,parent-offspring regression,0.68,0.16
1076,99,parent-offspring regression,0.6,0.18
1077,99,parent-offspring regression,0.59,0.11
1078,100,animal model (REML),0.299,0.026
706,75,animal model (REML),0.23,0.09
876,89,animal model (REML),0.489,0.301
877,89,animal model (REML),0.59,0.214
1087,101,animal model (REML),0.23,0.07
1088,101,animal model (REML),0.24,0.09
1089,101,animal model (REML),0.18,0.09
1090,101,animal model (REML),0.12,0.05
1122,110,animal model (REML),0.084,0.1
1158,119,animal model (REML),0.11,0.05
1159,119,animal model (REML),0.32,0.12
1220,130,animal model (REML),0.61,0.06
1221,130,parent-offspring regression,0.42,0.2
1091,102,parent-offspring regression,0.267,0.051
1092,102,parent-offspring regression,0.197,0.071
1093,103,parent-offspring regression,0.6,0.23
1094,104,parent-offspring regression,0.592,0.1
1095,104,parent-offspring regression,0.808,0.204
1096,105,parent-offspring regression,0.81,0.23
1097,105,parent-offspring regression,0.66,0.2
1098,106,parent-offspring regression,0.268,0.074
1099,106,parent-offspring regression,0.696,0.138
1100,106,parent-offspring regression,0.916,0.132
1226,131,parent-offspring regression,0.02,0.28
1227,131,parent-offspring regression,0.41,0.18
1101,107,animal model (REML),0.15,0.08
1102,107,animal model (REML),0.33,0.26
1103,107,animal model (REML),0.42,0.24
1104,107,animal model (REML),0.36,0.23
1107,107,animal model (REML),0.1,0.16
1118,109,parent-offspring regression,1.16,
1119,109,parent-offspring regression,0.62,
1105,107,animal model (REML),0.4,0.07
1106,107,animal model (REML),0.39,0.24
1289,138,animal model (REML),0.05,0.02
1123,111,animal model (REML),0.3,0.14
1124,111,animal model (REML),0.24,0.14
1125,112,animal model (REML),0.19,0.231
1126,112,animal model (REML),0.169,0.272
1127,112,animal model (REML),0.331,0.251
1128,112,animal model (REML),0.525,0.14
1129,112,animal model (REML),0.629,0.18
1130,112,animal model (REML),0.389,0.141
1131,112,animal model (REML),0.328,0.231
1132,112,animal model (REML),0.45,0.252
1133,112,animal model (REML),0.504,0.13
1134,112,animal model (REML),0.109,0.267
1135,112,animal model (REML),0.622,0.198
1136,112,animal model (REML),0.441,0.273
1137,113,parent-offspring regression,0.86,0.29
1138,114,animal model (MCMC),0.018,0.021
1290,138,animal model (REML),0.27,0.06
1449,153,animal model (REML),0.27,0.07
1450,153,animal model (REML),0.33,0.07
1599,168,animal model (REML),0.489,
1143,115,animal model (REML),0,
1600,168,animal model (REML),0.405,
1145,116,parent-offspring regression,0.02,0.13
1146,117,parent-offspring regression,0.48,0.1
1147,118,parent-offspring regression,1.03,0.25
1148,118,parent-offspring regression,1.57,0.66
1149,118,parent-offspring regression,0.92,0.25
1150,118,parent-offspring regression,0.27,0.49
1151,118,parent-offspring regression,0.7,0.72
1152,118,parent-offspring regression,-0.2,0.5
1153,118,parent-offspring regression,0.02,0.44
1154,118,parent-offspring regression,0.22,0.72
1155,118,parent-offspring regression,-0.21,0.44
1601,168,animal model (REML),0.359,
1602,168,animal model (REML),0.342,
1603,168,animal model (REML),0.24,
1604,168,animal model (REML),0.069,
1160,120,animal model (REML),0.241,0.034
1161,120,animal model (REML),0.217,0.067
1162,121,parent-offspring regression,0.34,0.73
1163,121,full-sib,0.08,
1164,122,parent-offspring regression,0.55,0.12
1165,122,grandparent-offspring regression,1.64,0.72
1166,122,grandparent-offspring regression,-0.32,2.88
1167,123,parent-offspring regression,0.36,0.22
1168,123,parent-offspring regression,0.24,0.16
1169,123,parent-offspring regression,0.2,0.24
1170,123,parent-offspring regression,0.64,0.24
1171,123,parent-offspring regression,0.61,0.16
1172,123,parent-offspring regression,0.58,0.24
1173,123,parent-offspring regression,1,0.22
1174,123,parent-offspring regression,0.58,0.16
1175,123,parent-offspring regression,0.26,0.26
1176,123,parent-offspring regression,0,0.28
1177,123,parent-offspring regression,0.8,0.26
1178,123,parent-offspring regression,0.42,0.2
1179,123,parent-offspring regression,0.43,0.27
1180,123,parent-offspring regression,0,0.17
1181,123,parent-offspring regression,-0.38,0.28
1182,123,parent-offspring regression,0.86,0.34
1183,123,parent-offspring regression,0.39,0.32
1184,123,parent-offspring regression,0.22,0.16
1185,123,parent-offspring regression,0.2,0.32
1186,123,parent-offspring regression,0.27,0.14
1187,123,parent-offspring regression,0.44,0.32
1188,123,parent-offspring regression,1.08,0.34
1189,123,parent-offspring regression,0.58,0.2
1190,123,parent-offspring regression,0.23,0.4
1191,123,parent-offspring regression,0.68,0.34
1192,123,parent-offspring regression,0.36,0.27
1193,123,parent-offspring regression,0.1,0.36
1194,123,full-sib,1.08,
1195,123,full-sib,1.06,
1196,123,full-sib,1.02,
1197,123,full-sib,0.78,
1198,123,full-sib,0.52,
1199,124,parent-offspring regression,0.16,0.35
1200,124,parent-offspring regression,0.54,0.42
1201,125,full-sib,0.86,
1202,125,full-sib,0.87,
1203,125,full-sib,0.94,
1204,125,full-sib,0.57,
1205,125,full-sib,0.93,
1206,125,full-sib,1.02,
1207,126,animal model (REML),0.281,0.074
1208,126,animal model (REML),0.226,0.075
1209,127,parent-offspring regression,0.39,0.09
1210,127,full-sib,0.72,0.19
1211,127,half-sib,0.56,0.54
1212,127,grandparent-offspring regression,0.53,0.45
1213,127,grandparent-offspring regression,0.4,0.52
1605,168,animal model (REML),0.047,
1751,192,animal model (REML),0.135,0.077
1760,196,animal model (MCMC),0.27,0.056
1787,198,animal model (REML),0.094,0.353
1218,129,parent-offspring regression,1.21,0.4
1219,129,parent-offspring regression,0.21,0.51
1788,198,animal model (REML),0.133,0.105
1789,198,animal model (REML),0.099,0.082
1222,130,parent-offspring regression,0.56,0.22
1223,130,animal model (REML),0.54,0.06
1790,198,animal model (REML),0.206,0.115
1791,198,animal model (REML),0.529,0.198
1792,198,animal model (REML),0.204,0.168
1793,198,animal model (REML),0.14,0.143
1794,198,animal model (REML),0.38,0.192
1915,215,animal model (MCMC),0.184,0.151
2008,222,animal model (REML),0.23,0.04
2009,222,animal model (REML),0.23,0.04
2012,222,animal model (REML),0.4,0.1
2013,222,animal model (REML),0.28,0.16
2033,225,animal model (MCMC),0.21,0.046
2054,233,animal model (REML),0.2,0.04
2065,237,animal model (MCMC),0.34,0.1
2066,237,animal model (MCMC),0.292,0.116
2067,237,animal model (MCMC),0.075,0.159
2082,241,animal model (REML),0.118,0.176482456
2137,251,animal model (REML),0.27,0.04
108,9,animal model (REML),0.222,0.315
377,46,animal model (REML),0.18,0.083
376,46,animal model (REML),0.231,0.092
375,46,animal model (REML),0.312,0.092
1616,170,animal model (REML),0.044,0.08
1615,170,animal model (REML),0.042,0.054
1614,170,animal model (REML),0,0.001
1613,170,animal model (REML),0.05,0.108
395,52,animal model (REML),0.097,0.045
107,9,animal model (REML),0.518,0.316
1056,98,parent-offspring regression,0.59,0.08
1057,98,parent-offspring regression,0.57,0.08
828,80,parent-offspring regression,0.16,0.18
106,9,animal model (REML),0.017,0.321
827,80,parent-offspring regression,0.21,0.27
2114,246,animal model (MCMC),0.303,0.059
2057,235,animal model (REML),0.39,0.06
819,79,parent-offspring regression,0.88,0.11
820,79,parent-offspring regression,0.71,0.12
821,79,parent-offspring regression,0.7,0.07
822,79,full-sib,1.22,0.19
815,79,parent-offspring regression,0.67,0.13
816,79,parent-offspring regression,0.67,0.14
817,79,parent-offspring regression,0.46,0.09
818,79,full-sib,0.79,0.29
811,79,parent-offspring regression,0.53,0.16
812,79,parent-offspring regression,0.39,0.15
813,79,parent-offspring regression,0.38,0.1
814,79,full-sib,0.27,0.43
336,34,animal model (REML),0.35,0.21
1271,133,animal model (REML),0.16,0.03
337,34,animal model (REML),0.24,0.04
1273,134,animal model (REML),0.65,0.06
1274,134,animal model (REML),0.39,0.06
1275,135,animal model (MCMC),0.002,0.071
1276,135,animal model (MCMC),0.002,0.071
1277,135,animal model (MCMC),0.002,0.079
1278,136,animal model (MCMC),0.18,0.066
1279,136,animal model (MCMC),0.12,0.051
1083,101,animal model (REML),0.38,0.1
1084,101,animal model (REML),0.26,0.11
1085,101,animal model (REML),0.39,0.11
1086,101,animal model (REML),0.2,0.13
1606,168,animal model (REML),0.444,0.066
1607,168,animal model (REML),0.437,0.066
1608,168,animal model (REML),0.434,0.065
1609,168,animal model (REML),0.372,0.057
1610,168,animal model (REML),0.283,0.045
1611,168,animal model (REML),0.28,0.046
317,33,animal model (REML),0.43,0.12
1291,139,parent-offspring regression,0.79,0.35
1292,139,parent-offspring regression,1.51,0.35
1293,139,parent-offspring regression,0.93,0.22
1294,139,parent-offspring regression,0.92,0.26
1295,139,parent-offspring regression,0.9,0.35
1296,139,parent-offspring regression,0.75,0.21
1297,139,parent-offspring regression,0.55,0.3
1298,139,parent-offspring regression,0.74,0.25
1299,139,parent-offspring regression,0.66,0.19
1300,139,parent-offspring regression,0.79,0.21
1301,139,parent-offspring regression,0.97,0.29
1302,139,parent-offspring regression,0.69,0.17
1303,139,parent-offspring regression,0.89,0.22
1304,139,parent-offspring regression,1.11,0.23
1305,139,parent-offspring regression,0.85,0.13
1306,139,parent-offspring regression,0.9,0.32
1307,139,parent-offspring regression,1.46,0.28
1308,139,parent-offspring regression,0.95,0.2
1309,139,parent-offspring regression,0.5,0.54
1310,139,parent-offspring regression,1.32,0.52
1311,139,parent-offspring regression,0.99,0.79
1312,139,parent-offspring regression,0.69,0.35
1313,139,parent-offspring regression,0.17,0.6
1314,139,parent-offspring regression,0.86,0.65
1315,139,parent-offspring regression,1.03,0.61
1316,139,parent-offspring regression,0.21,0.53
1317,139,parent-offspring regression,1.52,0.47
1318,139,parent-offspring regression,0.47,0.37
1319,139,parent-offspring regression,0.9,0.26
1320,139,parent-offspring regression,0.95,0.24
1321,139,parent-offspring regression,1.03,0.46
1322,139,parent-offspring regression,0.76,0.52
1323,139,parent-offspring regression,0.94,0.38
1324,139,parent-offspring regression,0.88,0.28
1325,139,parent-offspring regression,0.3,0.43
1326,139,parent-offspring regression,0.66,0.32
1327,139,parent-offspring regression,1.13,0.26
1328,139,parent-offspring regression,0.78,0.46
1329,139,parent-offspring regression,1.06,0.46
1330,139,parent-offspring regression,0.81,0.22
1331,139,parent-offspring regression,0.35,0.27
1332,139,parent-offspring regression,0.55,0.35
1333,139,parent-offspring regression,0.72,0.34
1334,139,parent-offspring regression,0.71,0.35
1335,139,parent-offspring regression,1.28,0.39
1336,139,parent-offspring regression,0.73,0.19
1337,139,parent-offspring regression,0.74,0.35
1338,139,parent-offspring regression,0.89,0.28
1339,139,parent-offspring regression,0.51,0.41
1340,139,parent-offspring regression,0.5,0.52
1341,139,parent-offspring regression,1.58,0.41
1342,139,parent-offspring regression,0.55,0.31
1343,139,parent-offspring regression,0.88,0.5
1344,139,parent-offspring regression,0.97,0.38
1345,139,parent-offspring regression,1.15,0.57
1346,139,parent-offspring regression,0.77,0.35
1347,139,parent-offspring regression,0.45,0.5
1348,139,parent-offspring regression,1.18,0.33
1349,139,parent-offspring regression,0.93,0.19
1350,139,parent-offspring regression,0.85,0.41
1351,139,parent-offspring regression,0.9,0.14
1352,139,parent-offspring regression,0.84,0.33
1353,139,parent-offspring regression,0.71,0.34
1354,139,parent-offspring regression,1.28,0.39
1355,139,parent-offspring regression,0.93,0.17
1356,139,parent-offspring regression,0.83,0.38
1357,139,parent-offspring regression,0.62,0.14
1358,139,parent-offspring regression,0.59,0.25
1359,139,parent-offspring regression,0.54,0.3
1360,139,parent-offspring regression,0.91,0.31
1361,139,parent-offspring regression,0.81,0.15
1362,139,parent-offspring regression,0.69,0.35
1363,140,parent-offspring regression,0.632,0.21
1364,140,parent-offspring regression,0.75,0.208
1365,140,parent-offspring regression,0.452,0.206
1366,140,parent-offspring regression,0.574,0.212
1367,140,parent-offspring regression,0.788,0.188
1368,140,parent-offspring regression,0.496,0.194
1371,142,parent-offspring regression,0.31,
1372,142,parent-offspring regression,0.12,
1373,142,parent-offspring regression,0.49,
1374,142,parent-offspring regression,0.31,
1375,142,parent-offspring regression,0.44,
1376,142,parent-offspring regression,0.95,
1380,144,animal model (REML),0.192,0.036
1381,144,animal model (REML),0.289,0.037
1382,145,animal model (REML),0.24,
1383,146,parent-offspring regression,-0.244,0.164
1384,146,parent-offspring regression,-0.12,0.155
1385,146,parent-offspring regression,-0.308,0.157
1386,146,parent-offspring regression,-0.526,0.235
1387,147,parent-offspring regression,0.44,
1388,147,parent-offspring regression,0.24,
1389,147,parent-offspring regression,0.44,
1390,148,parent-offspring regression,1.12,0.37
1391,148,parent-offspring regression,0.9,0.33
1392,148,parent-offspring regression,1.01,0.2
1393,148,parent-offspring regression,0.47,0.25
1394,148,parent-offspring regression,0.3,0.27
1395,148,parent-offspring regression,0.54,0.22
1396,148,parent-offspring regression,0.29,0.43
1397,148,parent-offspring regression,-0.04,0.29
1398,148,parent-offspring regression,0.07,0.23
1399,148,parent-offspring regression,1.54,0.43
1400,148,parent-offspring regression,0.5,0.5
1401,148,parent-offspring regression,1.53,0.38
1402,149,parent-offspring regression,0.24,0.067
1403,149,parent-offspring regression,0.135,0.102
1404,149,parent-offspring regression,0.024,0.076
1405,149,parent-offspring regression,0.268,0.134
1406,149,parent-offspring regression,0.038,0.156
1407,149,parent-offspring regression,-0.088,0.102
1408,149,parent-offspring regression,0.372,0.092
1409,149,parent-offspring regression,0.344,0.074
1410,149,parent-offspring regression,0.317,0.106
1411,149,parent-offspring regression,0.5,0.142
1412,149,parent-offspring regression,0.426,0.087
1413,149,parent-offspring regression,0.252,0.089
1414,149,parent-offspring regression,0.524,0.078
1415,149,parent-offspring regression,0.333,0.094
1416,149,parent-offspring regression,0.294,0.073
1417,149,parent-offspring regression,0.656,0.102
1418,149,parent-offspring regression,0.506,0.132
1419,149,parent-offspring regression,0.39,0.095
1420,150,parent-offspring regression,0.093,0.128
1421,150,parent-offspring regression,0.166,0.128
1422,150,half-sib,0.263,0.135
1423,150,half-sib,0.233,0.166
1424,150,parent-offspring regression,0.407,0.174
1425,150,half-sib,0.305,0.22
1426,150,parent-offspring regression,0.085,0.255
1427,150,parent-offspring regression,0.132,0.183
1428,150,half-sib,0.246,0.252
1429,150,parent-offspring regression,0.056,0.195
1430,150,parent-offspring regression,0.076,0.187
1431,150,half-sib,0.688,0.287
1432,150,parent-offspring regression,0.09,0.312
1433,150,half-sib,0.227,0.286
1434,150,parent-offspring regression,0.087,0.255
1435,150,parent-offspring regression,0.271,0.241
1436,150,half-sib,0.403,0.216
1437,150,half-sib,0.155,0.202
1438,150,half-sib,0.223,0.433
1439,150,half-sib,0,0.484
1440,150,parent-offspring regression,0.599,0.464
1441,151,parent-offspring regression,-0.04,0.38
1442,151,parent-offspring regression,0.44,0.38
1443,151,parent-offspring regression,0.24,0.34
1444,151,parent-offspring regression,0.54,0.32
1445,152,animal model (REML),0.33,0.07
1446,152,animal model (REML),0.27,0.07
582,68,animal model (REML),0.297,0.076
583,68,animal model (REML),0.442,0.121
2053,233,animal model (REML),0.23,0.05
1280,137,animal model (REML),0.464,
1281,137,animal model (REML),0.169,
1282,137,animal model (REML),0.143,
1283,137,animal model (REML),0.149,
1284,137,animal model (REML),0.019,
316,33,animal model (REML),0.39,0.13
580,68,animal model (REML),0.366,0.076
581,68,animal model (REML),0.327,0.111
1287,138,animal model (REML),0.37,0.08
1288,138,animal model (REML),0.4,0.15
2052,233,animal model (REML),0.15,0.05
1156,119,animal model (REML),0.24,0.09
1157,119,animal model (REML),0.32,0.12
105,9,animal model (REML),0.72,0.283
104,9,animal model (REML),0.303,0.375
1079,101,animal model (REML),0.24,0.05
1080,101,animal model (REML),0.17,0.06
1081,101,animal model (REML),0.32,0.07
1082,101,animal model (REML),0.29,0.1
1469,153,animal model (REML),0.19,0.02
1470,153,animal model (REML),0.04,0.05
103,9,animal model (REML),0.689,0.39
688,73,animal model (REML),0.524,0.218
689,73,animal model (REML),0.601,0.117
1259,132,animal model (REML),0.31,0.13
1260,132,animal model (REML),0.43,0.16
1261,132,animal model (REML),0.03,0.11
1477,154,animal model (MCMC),0.476,0.111
1478,154,animal model (MCMC),0.283,0.087
1479,154,animal model (MCMC),0.157,0.033
1480,154,animal model (MCMC),0.238,0.086
1481,154,animal model (MCMC),0.361,0.067
1482,154,animal model (MCMC),0.194,0.036
1483,154,animal model (MCMC),0.191,0.031
1484,154,animal model (MCMC),0.275,0.047
1485,154,animal model (MCMC),0.278,0.118
1486,154,animal model (MCMC),0.278,0.118
1487,154,animal model (MCMC),0.316,0.077
1488,154,animal model (MCMC),0.496,0.152
1489,154,animal model (MCMC),0.099,0.036
1490,154,animal model (MCMC),0.086,0.033
1491,154,animal model (MCMC),0.115,0.027
1492,154,animal model (MCMC),0.119,0.042
1262,132,animal model (REML),0.27,0.17
1502,156,parent-offspring regression,0.968,0.327
1263,132,animal model (REML),0.28,0.18
1504,156,parent-offspring regression,0.842,0.301
1505,157,parent-offspring regression,0.24,0.06
1506,157,parent-offspring regression,0.21,0.06
1507,157,parent-offspring regression,0.43,0.05
1508,157,parent-offspring regression,0.21,0.06
1509,158,parent-offspring regression,0.32,0.21
1510,158,parent-offspring regression,0.66,0.24
1511,158,parent-offspring regression,-0.2,0.22
1512,158,parent-offspring regression,0.94,0.32
1513,158,parent-offspring regression,-0.06,0.26
1514,158,parent-offspring regression,0.58,0.28
1515,158,parent-offspring regression,0.36,0.26
1516,158,parent-offspring regression,0.8,0.24
1517,158,parent-offspring regression,0.08,0.23
1518,158,parent-offspring regression,0.72,0.3
1519,158,parent-offspring regression,-0.22,0.26
1520,158,parent-offspring regression,0.28,0.3
1521,158,parent-offspring regression,-0.18,0.24
1522,158,parent-offspring regression,0.26,0.36
1523,158,parent-offspring regression,0.2,0.26
1524,158,parent-offspring regression,0.82,0.24
1525,159,parent-offspring regression,-0.25,0.12
1526,159,parent-offspring regression,0.34,0.14
1527,159,grandparent-offspring regression,0.02,0.27
1528,159,grandparent-offspring regression,0.74,0.32
1529,159,parent-offspring regression,0.05,0.33
1530,159,parent-offspring regression,0.65,0.4
1531,159,grandparent-offspring regression,-0.03,0.4
1532,159,grandparent-offspring regression,0.89,0.49
1533,159,parent-offspring regression,0.25,0.21
1534,159,parent-offspring regression,-0.15,0.21
1535,159,parent-offspring regression,0.5,0.3
1536,159,parent-offspring regression,-0.17,0.24
1537,159,grandparent-offspring regression,0.19,0.19
1538,159,grandparent-offspring regression,0.56,0.18
1539,159,parent-offspring regression,0.25,0.13
1540,159,parent-offspring regression,0.46,0.13
1541,159,parent-offspring regression,0.08,0.28
1542,159,parent-offspring regression,0.47,0.26
1543,159,grandparent-offspring regression,0.28,0.26
1544,159,grandparent-offspring regression,0.64,0.26
1545,160,parent-offspring regression,-0.14,0.12
1546,160,parent-offspring regression,0.04,0.15
1547,160,parent-offspring regression,0,0.25
1548,160,parent-offspring regression,-0.18,0.33
1549,160,parent-offspring regression,0.36,0.34
1550,160,parent-offspring regression,0.13,0.31
1551,160,parent-offspring regression,0.16,0.13
1552,160,parent-offspring regression,0.39,0.13
1553,161,parent-offspring regression,0.27,0.27
1554,161,parent-offspring regression,0.26,0.4
1555,161,parent-offspring regression,-0.02,0.24
1556,161,parent-offspring regression,0.65,0.2
1557,161,parent-offspring regression,0.47,0.28
1558,161,parent-offspring regression,-0.16,0.21
1559,161,parent-offspring regression,0.31,0.19
1560,161,parent-offspring regression,0.29,0.22
1561,161,parent-offspring regression,0.07,0.15
1562,161,parent-offspring regression,0.38,0.28
1563,161,parent-offspring regression,0.27,0.24
1564,161,parent-offspring regression,0.11,0.23
1565,161,parent-offspring regression,0.64,0.18
1566,161,parent-offspring regression,0.52,0.13
1567,161,parent-offspring regression,0.32,0.24
1568,161,parent-offspring regression,0.59,0.11
1569,161,parent-offspring regression,0.65,0.13
1570,161,parent-offspring regression,0.5,0.09
1571,161,parent-offspring regression,0.72,0.14
1572,161,parent-offspring regression,0.63,0.15
1573,161,parent-offspring regression,0.68,0.1
1574,162,parent-offspring regression,0.54,0.3
1575,162,parent-offspring regression,1.14,0.39
1576,162,parent-offspring regression,0.75,0.2
1577,162,parent-offspring regression,-0.1,0.17
1578,162,parent-offspring regression,0.07,0.04
1579,162,parent-offspring regression,0.04,0.04
1580,163,parent-offspring regression,1.44,0.52
1586,165,animal model (REML),0.075,0.045
1587,165,animal model (REML),0.109,0.052
1588,165,animal model (REML),0.055,0.036
1589,166,animal model (REML),0.126,0.061
1590,166,animal model (REML),0.164,0.055
1591,167,animal model (REML),0.142,
1592,167,animal model (REML),0.086,
1593,167,animal model (REML),0.053,
1594,167,animal model (REML),0,
1595,167,animal model (REML),0.12,
1596,167,animal model (REML),0.092,
1597,167,animal model (REML),0.041,
1598,167,animal model (REML),0,
1264,132,animal model (REML),0.23,0.24
1265,132,parent-offspring regression,-0.15,0.15
1266,132,parent-offspring regression,0.12,0.2
1267,132,parent-offspring regression,0.28,0.17
1268,132,parent-offspring regression,0.39,0.18
1269,132,parent-offspring regression,0.26,0.18
1270,132,parent-offspring regression,0,0.18
102,9,animal model (REML),0.292,0.276
826,80,parent-offspring regression,0.28,0.22
825,80,parent-offspring regression,0.24,0.18
101,9,animal model (REML),0.746,0.26
686,73,animal model (REML),0.372,0.168
687,73,animal model (REML),0.072,0.144
1612,169,animal model (REML),0.126,0.03
100,9,animal model (REML),0.529,0.255
381,48,animal model (REML),0.35,0.05
382,48,animal model (REML),0.4,0.06
1054,98,parent-offspring regression,0.41,0.07
1617,171,animal model (MCMC),0,0.011
1618,171,animal model (MCMC),0,0.006
1619,172,animal model (REML),0.19,0.06
1620,172,animal model (REML),0.28,0.1
1621,172,animal model (REML),0.27,0.12
1622,172,animal model (REML),0.18,0.06
1623,172,animal model (REML),0.22,0.11
1624,172,animal model (REML),0.26,0.13
1625,172,animal model (REML),0.24,0.06
1626,172,animal model (REML),0.38,0.08
1627,172,animal model (REML),0.3,0.11
1628,172,animal model (REML),0.24,0.06
1629,172,animal model (REML),0.2,0.07
1630,172,animal model (REML),0.34,0.12
1631,173,animal model (REML),0.66,0.19
1632,173,animal model (REML),0.54,0.19
1633,173,animal model (REML),0.45,0.25
1634,173,animal model (REML),0.36,0.18
1635,173,animal model (REML),0.68,0.14
1636,173,animal model (REML),0.66,0.17
1637,173,animal model (REML),0.61,0.15
1638,173,animal model (REML),0.46,0.19
1639,173,animal model (REML),0.32,0.39
1640,173,animal model (REML),0.61,0.21
1055,98,parent-offspring regression,0.45,0.07
1642,174,animal model (MCMC),0.12,0.048
1643,174,animal model (MCMC),0.08,0.041
1644,175,parent-offspring regression,1.76,0.54
1645,175,parent-offspring regression,1.9,0.56
1646,176,animal model (REML),0.205,
1647,176,animal model (REML),0.146,
1648,176,parent-offspring regression,0.326,0.109
1649,177,animal model (REML),0.05,0.03
1650,177,animal model (REML),0.01,0.01
1651,177,animal model (REML),0.01,0.01
1652,177,animal model (REML),0,0
1653,177,animal model (REML),0.02,0.04
1654,177,animal model (REML),0.01,0.01
1655,177,animal model (REML),0.02,0.02
1656,177,animal model (REML),0,0
1657,177,animal model (REML),0,0
1658,177,animal model (REML),0,0
1659,177,animal model (REML),0,0
1660,177,animal model (REML),0,0
1661,177,animal model (REML),0.02,0.01
1662,177,animal model (REML),0.01,0.01
1663,177,animal model (REML),0,0
1664,177,animal model (REML),0.03,0.01
1665,177,animal model (REML),0.01,0.01
1666,177,animal model (REML),0,0
1667,177,animal model (REML),0,0
1668,177,animal model (REML),0,0
1669,177,animal model (REML),0.15,0.27
1670,178,animal model (MCMC),0.209,0.117
1671,178,animal model (MCMC),0.169,0.102
1672,179,animal model (REML),0,0
1673,179,animal model (REML),0,0
1674,179,animal model (REML),0,0
1675,179,animal model (REML),0.187,0.11
1676,179,combined parent–offspring and full sibling regressions,0.724,
1677,179,animal model (REML),0.329,0.159
1678,179,combined parent–offspring and full sibling regressions,0.112,
1679,179,animal model (REML),0.09,0.159
1680,180,animal model (REML),0.209,0.049
1681,181,animal model (MCMC),0.083,0.049
1682,181,animal model (MCMC),0,0.03
1683,181,animal model (MCMC),0.041,0.017
1684,182,animal model (REML),0.31,0.16
1685,182,animal model (REML),0.24,0.2
1686,182,animal model (REML),0.21,0.07
1687,182,animal model (REML),0.17,0.07
1688,183,animal model (REML),0.06,0.03
1689,183,animal model (REML),0.23,0.08
1690,183,animal model (REML),0.1,0.05
1691,183,animal model (REML),0.17,0.08
1692,183,animal model (REML),0.28,0.11
1693,183,animal model (REML),0.2,0.12
1694,183,animal model (REML),0.03,0.07
1695,184,animal model (REML),0.298,0.07
1696,184,animal model (REML),0.26,0.06
1697,184,animal model (REML),0.245,0.06
1698,184,animal model (REML),0.234,0.06
1699,184,animal model (REML),0.226,0.053
1700,184,animal model (REML),0.217,0.05
1701,184,animal model (REML),0.207,0.05
1702,184,animal model (REML),0.205,0.05
1703,184,animal model (REML),0.202,0.05
1704,184,animal model (REML),0.202,0.05
1705,184,animal model (REML),0.2,0.05
1706,184,animal model (REML),0.192,0.045
1707,184,animal model (REML),0.189,0.05
1708,184,animal model (REML),0.177,0.05
1709,184,animal model (REML),0.176,0.05
1710,184,animal model (REML),0.168,0.05
1711,184,animal model (REML),0.166,0.04
1712,184,animal model (REML),0.158,0.04
1713,184,animal model (REML),0.147,0.04
1714,184,animal model (REML),0.136,0.04
1214,128,animal model (REML),0.381,0.028
1641,174,animal model (MCMC),0.09,0.035714286
2132,251,animal model (REML),0.19,0.06
1718,186,animal model (MCMC),0.139,0.036
1719,186,animal model (MCMC),0.057,0.021
1721,188,animal model (MCMC),0.256,0.06
1722,188,animal model (MCMC),0.241,0.066
1723,188,animal model (MCMC),0.22,0.06
1724,188,animal model (MCMC),0.15,0.051
1725,188,animal model (MCMC),0.346,0.086
1726,188,animal model (MCMC),0.311,0.084
1727,188,animal model (MCMC),0.144,0.052
1728,188,animal model (MCMC),0.144,0.069
1729,188,animal model (MCMC),0.301,0.089
1730,188,animal model (MCMC),0.178,0.055
1731,188,animal model (MCMC),0.288,0.064
1732,188,animal model (MCMC),0.258,0.069
1733,189,animal model (REML),0.05,0.04
1734,189,animal model (REML),0.02,0.07
1735,189,animal model (REML),0.21,0.15
1736,189,animal model (REML),0.09,0.09
1737,189,animal model (REML),0.07,0.13
1738,189,animal model (REML),0,0
1739,189,parent-offspring regression,-0.03,0.1
1740,189,parent-offspring regression,-0.09,0.09
1741,189,animal model (REML),0.54,0.19
1742,189,animal model (REML),0.18,0.08
1743,189,animal model (REML),0.56,0.08
1746,191,animal model (REML),0.14,0.082
1747,191,animal model (REML),0.09,0.084
99,9,animal model (REML),0.482,0.276
1140,115,animal model (REML),0.21,0.065
1750,192,animal model (REML),0.149,0.076
1139,115,animal model (REML),0.183,0.073
1752,193,animal model (MCMC),0.118,0.033
1753,193,animal model (MCMC),0.074,0.035
1754,193,animal model (MCMC),0.128,0.033
1755,193,animal model (MCMC),0.125,0.08
1756,193,animal model (MCMC),0.245,0.103
1757,193,animal model (MCMC),0.307,0.124
1758,194,animal model (REML),0.25,0.05
1759,195,animal model (REML),0.13,0.04
1247,132,animal model (REML),0.29,0.13
1248,132,animal model (REML),0.24,0.14
1249,132,animal model (REML),0.001,
1250,132,animal model (REML),0.51,0.2
1251,132,animal model (REML),0.81,0.03
1252,132,animal model (REML),0.34,0.24
1253,132,parent-offspring regression,-0.09,0.18
1254,132,parent-offspring regression,0.07,0.17
1255,132,parent-offspring regression,0.02,0.19
1256,132,parent-offspring regression,0.49,0.23
1257,132,parent-offspring regression,0.57,0.18
1258,132,parent-offspring regression,0.59,0.19
13,1,parent-offspring regression,0.512,0.14
49,2,animal model (REML),0.326,0.113
50,2,animal model (REML),0.322,0.13
51,2,parent-offspring regression,0.435,0.137
2090,242,animal model (REML),0.412,0.137
2089,242,animal model (REML),0.187,0.096
2088,242,animal model (REML),0.21,0.136
2087,242,animal model (REML),0.112,0.121
2086,242,animal model (REML),0.444,0.143
315,33,animal model (REML),0.2,0.05
1141,115,animal model (REML),0.283,0.103
1717,185,animal model (MCMC),0.59,0.094
10,1,parent-offspring regression,0.573,0.119
46,2,animal model (REML),0.551,0.05
47,2,animal model (REML),0.808,0.086
48,2,parent-offspring regression,0.677,0.115
374,46,animal model (REML),0.271,0.097
1052,98,parent-offspring regression,0.44,0.07
1053,98,parent-offspring regression,0.35,0.08
1453,153,animal model (REML),0.16,0.15
1454,153,animal model (REML),0.59,0.18
1785,198,animal model (REML),0,0.115
1786,198,animal model (REML),0,0.402
7,1,parent-offspring regression,0.729,0.134
43,2,animal model (REML),0.711,0.084
44,2,animal model (REML),0.727,0.112
45,2,parent-offspring regression,0.724,0.107
238,25,animal model (REML),0.531,0.138
239,25,animal model (REML),0.909,0.088
373,46,animal model (REML),0.236,0.097
485,63,animal model (REML),0.525,0.039
487,63,animal model (REML),0.317,0.058
489,63,animal model (REML),0.214,0.023
1855,198,animal model (REML),0,0.286
530,65,animal model (REML),0.343,0.023
531,65,animal model (REML),0.524,0.061
542,66,animal model (REML),0.312,0.076
543,66,animal model (REML),0.681,0.065
857,86,parent-offspring regression,0.69,0.11
858,86,parent-offspring regression,0.62,0.13
859,86,parent-offspring regression,0.74,0.15
860,86,parent-offspring regression,0.64,0.2
861,86,parent-offspring regression,0.57,0.15
862,86,parent-offspring regression,0.48,0.19
863,86,parent-offspring regression,0.58,0.15
864,86,parent-offspring regression,0.39,0.13
865,86,parent-offspring regression,0.67,0.24
866,86,parent-offspring regression,0.47,0.21
867,86,parent-offspring regression,0.56,0.17
868,86,parent-offspring regression,0.32,0.17
1050,98,parent-offspring regression,0.53,0.07
1051,98,parent-offspring regression,0.47,0.07
1121,110,animal model (REML),0,
1451,153,animal model (REML),0.31,0.15
1452,153,animal model (REML),0.68,0.15
1749,192,animal model (REML),0.113,0.121
1765,197,animal model (REML),0.861,0.076
1766,197,animal model (REML),0.246,0.195
1777,198,animal model (REML),0.256,0.094
1778,198,animal model (REML),0.468,0.108
1779,198,animal model (REML),0.013,0.157
1780,198,animal model (REML),0.06,0.357
1795,198,animal model (REML),0.065,0.108
1796,198,animal model (REML),0.005,0.062
1797,198,animal model (REML),0.045,0.07
1798,198,animal model (REML),0.207,0.118
1799,198,animal model (REML),0.456,0.195
1800,198,animal model (REML),0.209,0.168
1801,198,animal model (REML),0.06,0.204
1802,198,animal model (REML),0.255,0.216
1803,198,animal model (REML),0.087,0.118
1804,198,animal model (REML),0.235,0.132
1805,198,animal model (REML),0.056,0.112
1806,198,animal model (REML),0.061,0.102
1807,198,animal model (REML),0.017,0.245
1808,198,animal model (REML),0.368,0.558
1809,198,animal model (REML),0.137,0.275
1810,198,animal model (REML),0.109,0.269
1781,198,animal model (REML),0.518,0.224
1782,198,animal model (REML),0.387,0.305
1852,198,animal model (REML),0.082,0.153
1853,198,animal model (REML),0.135,0.167
1783,198,animal model (REML),0.473,0.233
1784,198,animal model (REML),0.411,0.206
1961,219,animal model (REML),0.77,0.06
1962,219,animal model (REML),0.63,0.07
1858,198,animal model (REML),0,0.199
1859,199,animal model (REML),0.02,0.09
1860,199,animal model (REML),0.02,0.09
1861,200,animal model (REML),0.48,0.12
1862,200,animal model (REML),0.349,0.068
1863,200,parent-offspring regression,1.08,
1864,200,parent-offspring regression,0.28,
1865,201,animal model (MCMC),0.269,0.107
1866,201,animal model (MCMC),0.198,0.099
1867,201,animal model (MCMC),0.346,0.12
1868,201,animal model (MCMC),0.197,0.113
1869,201,animal model (MCMC),0.211,0.107
1870,201,animal model (MCMC),0.203,0.128
1871,201,animal model (MCMC),0.312,0.117
1872,201,animal model (MCMC),0.18,0.102
1873,202,animal model (MCMC),0.001,0.033
2000,222,animal model (REML),0.22,0.04
1875,203,animal model (MCMC),0.122,
1876,204,animal model (MCMC),0.075,0.036479592
1877,204,animal model (MCMC),0.091,0.040306122
1878,204,animal model (MCMC),0.075,0.042091837
1879,204,animal model (MCMC),0.08,0.020408163
1880,204,animal model (MCMC),0.108,0.047704082
1881,204,animal model (MCMC),0.087,0.067091837
1882,205,animal model (REML),0.33,0.036
1883,206,animal model (REML),0.164,0.065
1884,207,animal model (MCMC),0.57,0.15
1885,207,animal model (MCMC),0.4,0.15
1886,208,animal model (REML),0.465,0.13
1887,208,animal model (REML),0.445,0.12
1888,208,animal model (REML),0.64,0.13
1889,209,animal model (MCMC),0.16,0.145
1890,209,animal model (MCMC),0.09,0.095
1891,209,animal model (MCMC),0.042,0.017
1892,209,animal model (MCMC),0.32,0.134
1893,209,animal model (MCMC),0.026,0.02
1894,210,animal model (MCMC),0.223,0.091
1895,210,animal model (MCMC),0.397,0.084
1896,210,animal model (MCMC),0.265,0.048
1897,210,animal model (MCMC),0.25,0.075
1898,213,animal model (MCMC),0.5,0.01
1899,213,animal model (MCMC),0.47,0.056
1900,213,animal model (MCMC),0.46,0.056
1901,213,animal model (MCMC),0.43,0.105
1902,213,animal model (MCMC),0.42,0.094
1903,213,animal model (MCMC),0.37,0.112
1904,213,parent-offspring regression,0.15,0.22
1905,213,parent-offspring regression,0.37,0.26
1906,213,parent-offspring regression,0.39,0.14
1907,213,parent-offspring regression,0.8,0.36
1908,213,parent-offspring regression,0.75,0.37
1909,213,parent-offspring regression,0.69,0.22
1910,213,parent-offspring regression,0.43,0.19
1911,213,parent-offspring regression,0.63,0.22
1912,213,parent-offspring regression,0.64,0.11
2001,222,animal model (REML),0.21,0.04
1916,215,animal model (MCMC),0.137,0.13
1917,216,animal model (MCMC),0.29,0.059
1918,216,animal model (MCMC),0.05,0.01
1919,216,animal model (MCMC),0.16,0.028
1920,216,animal model (MCMC),0.21,0.041
1921,216,animal model (MCMC),0.24,0.051
1922,216,animal model (MCMC),0.05,0.01
1923,216,animal model (MCMC),0.17,0.043
1924,216,animal model (MCMC),0.18,0.036
1925,217,animal model (MCMC),0.09,0.054
1926,217,animal model (MCMC),0.11,0.031
1927,218,animal model (MCMC),0.3,0.099
1928,218,parent-offspring regression,0.568,0.178
1929,218,parent-offspring regression,0.57,0.138
1930,218,parent-offspring regression,0.111,0.281
1931,218,animal model (MCMC),0.21,0.105
1932,218,parent-offspring regression,0.245,0.101
1933,218,parent-offspring regression,0.345,0.118
1934,218,parent-offspring regression,-0.02,0.189
1935,218,animal model (MCMC),0.35,0.11
1936,218,animal model (MCMC),0.34,0.11
1937,218,animal model (MCMC),0.33,0.099
1938,218,animal model (MCMC),0.33,0.115
1939,218,parent-offspring regression,0.213,0.081
1940,218,parent-offspring regression,0.33,0.093
1941,218,parent-offspring regression,0.098,0.147
1942,218,animal model (MCMC),0.2,0.087
1943,218,animal model (MCMC),0.17,0.086
1944,218,parent-offspring regression,0.123,0.084
1945,218,parent-offspring regression,0.201,0.098
1946,218,parent-offspring regression,-0.093,0.146
1947,218,animal model (MCMC),0.41,0.089
1948,218,animal model (MCMC),0.4,0.094
1949,218,animal model (MCMC),0.4,0.094
1950,218,animal model (MCMC),0.4,0.094
1951,218,parent-offspring regression,0.307,0.076
1952,218,parent-offspring regression,0.399,0.088
1953,218,parent-offspring regression,0.285,0.131
1954,218,animal model (MCMC),0.26,0.105
1955,218,animal model (MCMC),0.24,0.107
1956,218,parent-offspring regression,0.346,0.079
1957,218,parent-offspring regression,0.264,0.092
1958,218,parent-offspring regression,0.188,0.15
2004,222,animal model (REML),0.54,0.13
2005,222,animal model (REML),0.44,0.13
2062,237,animal model (MCMC),0.367,0.109
2063,237,animal model (MCMC),0.282,0.13
2064,237,animal model (MCMC),0.06,0.156
2081,241,animal model (REML),0.651,0.155
1716,185,animal model (MCMC),0.65,0.099
1966,219,animal model (REML),0.57,0.07
98,9,animal model (REML),0.545,0.274
824,80,parent-offspring regression,0.44,0.22
823,80,parent-offspring regression,0.43,0.21
528,65,animal model (REML),0.078,0.016
4,1,parent-offspring regression,0.695,0.095
40,2,animal model (REML),0.674,0.082
41,2,animal model (REML),0.716,0.107
42,2,parent-offspring regression,0.762,0.092
372,46,animal model (REML),0.186,0.086
526,65,animal model (REML),0.423,0.025
527,65,animal model (REML),0.587,0.052
539,66,animal model (REML),0.327,0.124
1979,220,animal model (MCMC),0.63,0.066326531
1980,220,animal model (MCMC),0.79,0.073979592
1981,221,animal model (MCMC),0.79,0.035714286
1982,221,animal model (MCMC),0.51,0.076530612
1983,221,animal model (MCMC),0.54,0.18622449
1984,221,animal model (MCMC),0.67,0.035714286
1985,221,animal model (MCMC),0.72,0.06377551
1986,221,animal model (MCMC),0.42,0.193877551
1987,221,animal model (MCMC),0.7,0.038265306
1988,221,animal model (MCMC),0.67,0.06377551
1989,221,animal model (MCMC),0.53,0.135204082
540,66,animal model (REML),0.633,0.092
874,89,animal model (REML),0.65,0.327
875,89,animal model (REML),0.673,0.263
1048,98,parent-offspring regression,0.47,0.06
1049,98,parent-offspring regression,0.29,0.06
1447,153,animal model (REML),0.59,0.11
1448,153,animal model (REML),0.62,0.11
1763,197,animal model (REML),0.548,0.151
1764,197,animal model (REML),0.529,0.13
1769,198,animal model (REML),0.265,0.099
1770,198,animal model (REML),0,0
1771,198,animal model (REML),0.259,0.099
2016,222,animal model (REML),0.52,0.46
2017,222,animal model (REML),0.38,0.04
1772,198,animal model (REML),0,0.092
1773,198,animal model (REML),0.574,0.113
2022,223,animal model (REML),0.094,0.03
2023,223,animal model (REML),0.08,0.027
2024,223,animal model (REML),0.079,0.028
2025,223,animal model (REML),0.164,0.046
2026,223,animal model (REML),0.125,0.041
2027,223,animal model (REML),0,0.00002592
2028,223,animal model (REML),0.171,0.042
2029,223,animal model (REML),0.137,0.041
2030,223,animal model (REML),0,0.0000587
2031,224,animal model (MCMC),0.266,0.218
2032,224,animal model (MCMC),0.26,0.139
1774,198,animal model (REML),0.285,0.156
2034,225,animal model (MCMC),0.06,0.0204
2035,226,animal model (MCMC),0.224,0.051
2036,227,animal model (MCMC),0.18,0.089030612
2037,227,animal model (MCMC),0.375,0.049234694
2038,227,animal model (MCMC),0.137,0.074234694
2039,227,animal model (MCMC),0.131,0.071173469
1775,198,animal model (REML),0.505,0.189
2045,229,animal model (REML),0.27,0.09
2046,230,animal model (MCMC),0.01,0.206632653
2047,230,animal model (MCMC),0.65,0.198979592
2048,231,animal model (MCMC),0.126,0.02092
2049,231,animal model (MCMC),0.106,0.02117
2050,231,animal model (MCMC),0.027,0.00816
2051,232,animal model (MCMC),0.06,0.017
1776,198,animal model (REML),0.452,0.218
1959,219,animal model (REML),0.78,0.06
1960,219,animal model (REML),0.75,0.06
2055,234,animal model (MCMC),0.47,0.145
1992,222,animal model (REML),0.04,0.02
1993,222,animal model (REML),0.04,0.02
1996,222,animal model (REML),0.3,0.11
1997,222,animal model (REML),0.26,0.17
2060,236,animal model (MCMC),0.0005,0.016326531
2061,236,animal model (MCMC),0,0.019642857
2080,241,animal model (REML),0.513,0.189689136
2129,251,animal model (REML),0.28,0.05
379,48,animal model (REML),0.64,0.04
380,48,animal model (REML),0.47,0.07
1,1,parent-offspring regression,0.501,0.144
37,2,animal model (REML),0.267,0.093
38,2,animal model (REML),0.477,0.33
39,2,parent-offspring regression,0.468,0.14
1715,185,animal model (MCMC),0.6,0.133
2071,238,animal model (REML),0.048,0.012
2056,235,animal model (REML),0.48,0.06
79,6,animal model (REML),0.06,0.03
80,6,animal model (REML),0.22,0.21
77,6,animal model (REML),0.03,0.02
78,6,animal model (REML),0.04,0.09
1748,192,animal model (REML),0.077,0.073
332,34,animal model (REML),0.14,0.01
333,34,animal model (REML),0.13,0.03
330,34,animal model (REML),0.13,0.01
331,34,animal model (REML),0.11,0.02
1285,138,animal model (REML),0.12,0.03
2094,243,animal model (REML),0.19,0.06
2095,243,animal model (REML),0.17,0.06
2097,243,animal model (REML),0.16,0.05
2102,245,animal model (MCMC),0,0.036
2103,245,animal model (MCMC),0,0.036
2104,245,animal model (MCMC),0,0.003
2105,245,animal model (MCMC),0,0.003
2106,245,animal model (MCMC),0,0.023
2107,245,animal model (MCMC),0,0.023
2108,245,animal model (MCMC),0,0.015
2109,245,animal model (MCMC),0,0
2110,245,animal model (MCMC),0,0.018
2111,245,animal model (MCMC),0,0.003
2112,245,animal model (MCMC),0,0.003
2113,245,animal model (MCMC),0,0
1286,138,animal model (REML),0.05,0.02
2115,247,animal model (MCMC),0.241,0.071
2116,247,animal model (MCMC),0.241,0.071
2117,247,animal model (MCMC),0.326,0.071
2118,247,animal model (MCMC),0.189,0.052
1120,110,animal model (REML),0.587,0.25
75,6,animal model (REML),0.26,0.12
2128,250,animal model (REML),0.64,0.14
2119,248,animal model (REML),0.31,0.06
2120,248,animal model (REML),0.15,0.11
76,6,animal model (REML),0,
2130,251,animal model (REML),0.12,0.08
2131,251,animal model (REML),0.01,0.008
1503,156,parent-offspring regression,-0.197,0.214
2133,251,animal model (REML),0.04,0.06
2134,251,animal model (REML),0.02,0.03
2135,251,animal model (REML),0.1,0.05
2138,252,parent-offspring regression,0.34,0.05
2139,252,parent-offspring regression,0.6,0.06
2140,252,parent-offspring regression,0.441,0.06
2141,252,parent-offspring regression,0.86,0.09
2142,252,parent-offspring regression,0.54,0.08
2143,252,parent-offspring regression,0.92,0.08
2144,252,parent-offspring regression,0.53,0.08
2145,252,parent-offspring regression,0.942,0.08
2146,252,parent-offspring regression,0.702,0.08
2147,252,parent-offspring regression,0.617,0.07
2148,252,parent-offspring regression,0.48,0.11
2149,252,animal model (MCMC),0.92,0.048
2150,252,animal model (MCMC),0.91,0.048
2151,252,animal model (MCMC),0.89,0.061
2152,252,animal model (MCMC),0.84,0.087
2136,251,animal model (REML),0.05,0.03
1501,156,parent-offspring regression,0.746,0.263
2156,255,animal model (MCMC),0.513,0.136989796
2157,255,animal model (MCMC),0.079,0.094132653
2158,255,animal model (MCMC),0.183,0.131122449
2159,255,animal model (MCMC),0.396,0.155612245
2160,255,animal model (MCMC),0.502,0.175255102
2161,256,animal model (MCMC),0.363,0.088
2162,256,animal model (MCMC),0.001,0.058
2167,257,animal model (REML),0.7,0.11
2164,257,animal model (REML),0.32,0.16
2165,257,animal model (REML),0.41,0.1
2166,257,animal model (REML),0.17,0.12
2168,257,animal model (REML),0.21,0.08
2163,257,animal model (REML),0.16,0.15
2169,258,animal model (MCMC),0.17,0.064